Country Name,Country Code,1970,1971,1972,1973,1974,1975,1976,1977,1978,1979,1980,1981,1982,1983,1984,1985,1986,1987,1988,1989,1990,1991,1992,1993,1994,1995,1996,1997,1998,1999,2000,2001,2002,2003,2004,2005,2006,2007,2008,2009,2010,2011,2012,2013,2014,2015,2016
Aruba,ABW,,,,,,,,,,,,,,,,,,,,,,,,,,,,,,101.6191177,97.21595001,94.33551025,94.75524139,90.15509033,90.55989838,88.19796753,93.12735748,95.58824158,95.13303375,96.30606842,94.78610229,,,96.5044632,101.1103363,,
Andorra,AND,,,,,,,,,,,,,,,,,,,,,,,,,,,,,,,,,,,,,,,,,,,,,,,
Afghanistan,AFG,,,,,16.80868912,,,17.43479919,19.12657928,,26.71748924,33.22000885,13.50133991,,18.40089035,19.15854073,,,,,,,,29.55384064,,,,,,,,,,,,,,,,,,,,,,,
Angola,AGO,,,,,,,,,,,,45.05036926,39.69403839,,,,,,,,,31.45512009,,,,,,,,,,,,,,,,,42.18664169,41.63848877,42.7725296,49.72512817,,,,,
Albania,ALB,,,,,,,,,,,,,,,,,,,,,,,,,,,92.02439117,,,,97.1042099,96.88066101,,94.0810318,92.96962738,,,97.80805969,95.13124084,94.08692932,92.8441391,98.04717255,103.6188431,94.52274323,107.8213196,,
Arab World,ARB,49.17886,49.12797,48.68694,50.15386,51.58578,54.47894,56.06783,58.15404,57.5786,53.51157,56.59742,60.05518,60.85817,62.07697,64.44559,68.51157,67.6217,67.52203,68.08568,68.38336,69.78389,69.8326,70.61948,70.87066,71.73515,72.81998,74.00294,75.05397,76.2881,77.47421,77.1933,78.44048,79.37553,81.9162,83.84551,84.77124,82.75221,84.38408,86.3569,84.66442,86.3904,86.65067,88.75965,86.96304,,,
United Arab Emirates,ARE,,,,,40.34386826,42.87657166,50.54531097,57.3526001,60.86544037,65.51125336,67.73314667,72.01895905,82.15113068,82.37197876,80.16432953,76.80509949,78.70556641,78.62644196,76.55155945,83.97956085,92.96806335,99.67151642,97.86244965,95.07714844,93.4615097,91.31307983,87.80299377,91.17881775,89.5359726,88.68135834,,,,87.84590149,92.76075745,96.31754303,96.70868683,95.75705719,,86.36058044,87.41023254,89.49369812,94.09414673,96.54083252,102.7079468,,
Argentina,ARG,70.72267151,71.5741272,,,75.31321716,78.72013855,78.63903809,,,,,,,,,,,,,,,,,,98.68029785,,93.61728668,92.17890167,100.0850296,98.21705627,98.49373627,98.08421326,102.0276337,99.92209625,98.56243896,96.68479156,99.13020325,101.8495026,105.0619736,104.9862518,104.8092194,104.4178619,103.2247696,100.8773727,,,
Armenia,ARM,,,,,,,,,,,,,,,,,,,,,,,,,105.9922409,,,95.49756622,,,,,93.72377777,89.42333984,100.0672607,92.07588959,92.21211243,98.62464142,100.1311035,,,,,,,,
American Samoa,ASM,,,,,,,,,,,,,,,,,,,,,,,,,,,,,,,,,,,,,,,,,,,,,,,
Antigua and Barbuda,ATG,,,,,,82.93412781,82.25235748,,,,,,,,,,,,,,,,96.68756104,,,,,,,,,,,,,,,,102.509407,95.54579926,102.3884277,99.74732208,,,102.272728,,
Australia,AUS,,,,,,,,,,,,,,,,,,,,,,,,,,,,,,,,,,,,,,,,,,,,,,,
Austria,AUT,,95.11309814,96.99954224,97.19644165,,,,,,,,,,,,,,,,,,,,,,,,,101.055191,101.0132828,,,100.3597488,101.1183472,98.89528656,98.72441864,100.4927216,102.9147797,100.5970078,99.05760193,98.56881714,96.89769745,96.76053619,97.86506653,99.23864746,,
Azerbaijan,AZE,,,,,,,,,,,,,,,,,,,,,,,,95.79737854,91.2384491,89.76319122,81.62098694,98.98126984,95.16493225,92.17310333,89.51351166,95.1685791,97.58601379,92.69615173,95.59542847,93.43061829,91.6054306,98.13037109,90.73683167,91.77172089,89.51445007,92.80683136,91.99118805,88.08940887,98.12570953,,
Burundi,BDI,,5.820469856,,10.83885956,10.97719002,11.66868019,10.92730045,11.21864986,11.31159019,11.50399017,11.75625992,12.09484005,14.47402954,19.72439957,27.01548004,28.14842033,29.09193993,28.51441956,39.08414078,32.98791885,40.56848145,44.80746841,47.71389008,50.77870941,,,,,,,23.79809952,24.25407028,24.73224068,29.11926079,31.34334946,33.53443146,,37.95439911,40.59923172,46.86260986,49.63373184,54.05052948,60.36790085,67.82791138,66.639328,,
Belgium,BEL,,,,,67.66882324,69.62287903,70.78346252,73.01040649,75.39482117,69.08354187,69.37934113,75.7435379,78.08959198,72.74395752,76.18354034,74.35089874,72.97370911,71.97445679,73.49021912,,,79.10640717,,,,,,,,,,,,,,,85.88150024,86.18222809,86.6153183,87.73430634,89.01660156,,88.83145905,89.53730011,88.39974213,,
Benin,BEN,,18.04854012,21.07966995,21.5107708,20.34900093,24.92765999,24.83406067,24.23805046,26.38204002,27.72839928,29.58871078,30.71822929,33.16653061,35.9202919,29.36137962,33.28630066,30.36451912,29.35956001,27.09181976,26.81138039,18.65395927,21.21467972,21.47604942,23.57146072,25.47909927,29.92717934,32.01721954,34.38386154,37.07059097,,37.26438904,40.99201965,43.03329086,47.22769928,50.82490921,,,,61.98957825,,64.83934784,69.52506256,70.52256775,75.68540955,76.34879303,,
Burkina Faso,BFA,,7.1957798,6.792570114,7.037809849,6.79652977,7.626049995,7.553110123,8.557439804,8.742630005,9.560799599,9.324469566,10.29996967,10.54671955,11.30790043,12.30673981,13.9059,,15.82594013,16.91584015,16.58715057,19.49588966,19.95175934,26.68046951,26.24477005,27.11621094,18.59445953,22.5725193,,,23.46755028,25.42178917,26.67761993,27.48726082,29.11572075,30.43151093,31.73999977,32.80570984,34.96921921,38.86380005,43.91836929,47.07580185,,57.23867035,62.1108284,60.5324707,,
Bangladesh,BGD,,,,,,,43.27536011,31.60289001,,,,28.51404953,,,,,,,,45.70129013,,,,,,,,,,,,,,,,64.3702774,,,57.2895813,63.50553894,65.75987244,73.53121948,,,,,
Bulgaria,BGR,,97.33059692,97.86019135,97.26352692,102.6042099,93.49752808,93.95398712,91.3341217,92.16457367,102.5644073,103.5728226,100.4266434,96.75765991,93.9151001,99.74118805,110.54953,99.84529877,103.0490189,102.8399124,101.7899704,99.49286652,89.59732819,87.88361359,86.37689209,88.6128006,88.27488708,90.70754242,94.70078278,94.1111908,96.28501129,96.58557892,102.6234894,97.93096924,99.59552002,100.4131088,99.22328949,97.38236237,97.48561859,89.61723328,94.11656189,105.1628189,104.9231796,98.94933319,97.9704895,98.67485809,,
Bahrain,BHR,,,,,,,,,,,,,93.05654144,89.76223755,91.22116852,93.70995331,90.78276062,92.87882996,99.72828674,105.1545181,,103.0046692,100.8928604,99.68540192,94.61852264,93.91822052,91.95739746,,94.57407379,99.57221985,,,,,,,,,,,,,,,,,
"Bahamas, The",BHS,,,,,,,,,,,,,,,,,,,,,,,,,86.3110199,,,,,82.31935883,,,,,,106.6837997,103.7901382,105.2119522,101.1742401,99.9654007,93.09858704,,,,,,
Bosnia and Herzegovina,BIH,,,,,,,,,,,,,,,,,,,,,,,,,,,,,,,,,,,,,,,,,,78.25335693,81.06442261,84.15772247,97.09832001,,
Belarus,BLR,,101.0563583,99.33500671,101.5772934,96.34676361,94.87470245,94.03663635,93.6425705,96.72251129,96.98153687,98.22460938,98.13150024,98.39508057,98.92775726,99.05410767,98.18649292,98.55008698,,,,94.58162689,93.78983307,89.04144287,95.31504822,97.30484009,95.36528015,95.35070038,95.86102295,,99.02735138,102.2530823,106.2058029,131.5431366,101.9327774,101.2848816,97.59616089,96.59072113,95.38002014,98.28938293,105.0111771,106.0361099,106.8646393,103.0589523,98.81143188,97.61971283,,
Belize,BLZ,,,,,,,,,,,,,,,,,,,,,,,93.92243958,,,89.16446686,95.68710327,,,98.93544006,100.0334091,100.8180923,,97.27327728,97.69422913,98.49742126,97.52192688,99.04853058,94.96930695,99.71063995,100.78125,104.0191269,108.0853195,101.7116776,102.1257782,,
Bermuda,BMU,,,,,,72.16940308,,,,,,,,,,,,,,,,,,,,,,,,,,96.69420624,102.5240402,100.3667526,95.39801025,95.36341095,93.64089966,,,,99.8757782,90.70632172,87.79284668,88.94348907,79.31034088,,
Bolivia,BOL,,,,,,,,,,,,,,,,,,,,,66.45787048,69.72119141,64.92942047,78.16876221,79.80380249,82.56549835,83.26882935,87.80448151,85.24015045,97.68556213,100.3526917,102.0559921,107.0342026,106.9412537,,,107.1426163,102.8718185,102.7947922,,,,,,,,
Brazil,BRA,,,,,,,,,,,,,,,,,,,,,,,,,,,,,,,,112.2296066,114.1994324,109.3666077,100.6846466,,,,,,,,,,,,
Barbados,BRB,,,,,,,,,,,,,,,,,,,,,,,,,,,,,,94.90099335,98.39069366,106.1008606,103.5035782,106.6369476,97.66053009,91.67086029,93.93862152,92.27578735,94.57546997,95.74748993,95.61657715,98.21896362,,,95.54802704,,
Brunei Darussalam,BRN,,,105.7724533,105.6216202,111.3013687,97.92906952,109.50811,102.9980164,100.4111176,99.57527161,89.58621216,92.5296402,83.43837738,86.53156281,60.20074081,,127.0947495,,,,,98.96469116,100.9105835,100.0541077,103.5093994,101.6772614,,110.9835205,116.7521591,117.8554916,115.9727478,122.9805222,118.9063721,121.4296265,112.584137,108.4706192,108.7974396,108.4054184,105.9937363,102.394371,105.6648865,111.0400696,107.1007614,106.3090591,100.5607986,,
Bhutan,BTN,,,,,,,5.703559875,6.105529785,8.945650101,9.867560387,,,,,,,,,19.1799202,,,,,23.97554016,28.46040916,,,,46.7362709,50.25889969,50.96339035,52.17810059,,,62.80112076,69.17799377,74.22863007,75.62117004,81.34342957,83.41261292,89.61811066,90.85320282,100.5109406,97.69825745,97.01998138,,
Botswana,BWA,36.93169022,41.9928093,48.65090942,53.18315125,56.25180817,53.2842598,47.80015182,44.23305893,51.12384033,63.45112991,68.06221771,78.04965973,81.41246796,73.68717194,76.15537262,81.33853912,90.7470932,92.63652802,89.37580872,86.59571075,88.69483948,89.21450806,89.88062286,89.18312073,93.64595795,90.2025528,91.80792236,,91.97157288,89.76741791,89.76820374,92.4940567,94.18016815,94.52487946,94.66082764,94.75791168,98.35314941,94.68602753,95.49140167,96.43003845,,,98.7232132,99.66015625,,,
Central African Republic,CAF,,27.33102989,25.73575974,31.93577003,28.23604965,35.77360153,30.73237038,32.47729874,40.12725067,,,30.12976074,29.79495049,26.59519005,,,37.3792305,27.76741982,28.8225193,28.38932991,30.17217064,27.98926926,22.5053997,,,,,,,,,,,,24.0293808,26.41353989,26.46100998,,35.57001877,38.16690063,40.3196907,42.11962128,44.4225502,,,,
Canada,CAN,,,,,,,,,,,,,,,,,,,,,,,,,,,,,94.22548676,95.69451141,97.38172913,,,,,,96.5304184,,,,,,,,,,
Central Europe and the Baltics,CEB,93.10294,93.20908,92.76687,92.61639,94.82679,94.35722,94.8113,94.38059,94.20125,94.08316,94.01427,93.22056,92.79252,92.87666,93.74095,96.28521,94.88293,94.81832,94.38115,93.89985,92.51598,90.71946,91.29364,92.1991,92.7463,93.54365,95.34535,96.86362,95.91709,94.85252,94.63208,96.71836,96.67571,98.14013,99.27101,98.06332,96.64905,96.08939,94.97782,95.90536,97.54595,97.80769,96.79285,97.01926,,,
Switzerland,CHE,,,,,,,,52.70487976,59.78050995,57.56349945,56.15275955,51.9961319,51.69886017,52.03863907,51.20610809,50.6977005,49.85224152,49.41545105,48.46953964,49.86965179,51.245121,53.61651993,55.17591095,61.21004105,62.28200912,,72.96972656,,,95.33718872,96.37563324,97.73674774,97.96829224,98.18688202,99.16834259,96.72106934,93.70516205,93.12090302,94.15666199,95.85179901,95.94135284,96.41172791,97.16912079,96.61985016,95.35034943,,
Channel Islands,CHI,,,,,,,,,,,,,,,,,,,,,,,,,,,,,,,,,,,,,,,,,,,,,,,
Chile,CHL,83.0306015,90.69944,95.00289917,95.89047241,93.59221649,93.08547974,93.91114807,90.19397736,,,,,,98.53603363,,,,,,,,,,,,,,87.98207855,,,,,,,,,,,,,,95.82299805,97.79994202,96.62139893,96.30917358,,
China,CHN,,,,,,,,,,,,,,,,,,,,102.2079315,103.4153824,104.7962494,100.9282684,102.6635208,104.9349594,99.96221161,94.42243958,91.92166901,,,,,,,,,,,,,,,,,,,
Cote d'Ivoire,CIV,,,,39.53208923,39.73513031,43.55625153,47.03678131,49.93450165,50.27264023,51.8494606,54.19944,57.78649139,,55.13734055,53.59156036,46.01594162,46.91773987,46.50125122,47.00912857,44.10557938,42.11494827,45.97412872,41.88471985,43.15280914,43.09172058,41.63787842,42.9914093,40.41159821,40.4930191,43.41944885,43.95706177,50.09162903,,,,,44.78681946,45.81222916,,46.65766144,,54.39085007,55.9275589,54.95806122,56.91072083,,
Cameroon,CMR,,,,46.82609177,46.24040985,48.21522903,49.68394852,50.61970139,60.8314209,51.37282944,49.7016716,49.88151932,48.98772812,49.21033096,50.83420181,52.26544189,52.67420959,54.43545914,54.24631882,,55.57646179,54.3407402,,,,,,,,47.74893188,48.70272827,,,55.32444,57.14923859,,49.51927948,52.66107941,68.07238007,67.83056641,69.85830688,69.17389679,72.97516632,,72.1678009,,
"Congo, Rep.",COG,,56.83467102,60.42116165,70.04679871,57.96416092,67.5825119,70.01843262,72.85301208,73.2140274,80.20435333,81.14269257,79.41459656,78.70591736,72.28594971,75.47325897,72.78968811,73.83368683,74.28025055,74.74051666,68.94789124,59.93875885,55.4361496,62.81085968,64.29467773,54.74925995,,50.08747101,,,31.88915062,,57.73912048,60.76248932,57.49509048,82.97096252,72.49938965,78.68344116,76.98297119,71.60437012,70.74346924,70.74732208,77.54920959,74.25460815,,,,
Colombia,COL,47.63602066,50.90942001,51.58855057,54.63396835,55.13819885,,,,,,,,69.28196716,72.5225296,72.98931122,67.21334076,69.9710083,69.4684906,68.64408112,68.05682373,71.68119812,70.57649994,78.64801025,79.39160919,79.21356201,83.4421463,85.19320679,,92.20858765,94.35292053,94.98593903,92.977211,94.11847687,,103.5205002,108.41745,115.7459335,118.5662003,119.1838989,124.1050034,122.4403,119.9341583,113.1904297,102.1079178,100.6021805,,
Comoros,COM,,,,,,,,,,,,60.3156395,,,,,67.33702087,54.03010941,,,,,44.27404022,38.97751999,47.01549149,,,,,48.33826065,,,57.5662117,56.80131912,61.50777817,,,63.5795517,72.64295959,,,,,73.57402802,,,
Cabo Verde,CPV,,,,,10.23672009,12.56330013,19.1756897,14.16994953,13.75277996,13.51984024,16.97253036,27.39389992,24.8746109,22.18981934,31.18745041,32.69593811,36.08312988,40.60668182,46.56111145,,60.3995018,,,,75.78991699,,,,99.15325928,,101.8810272,94.93592834,96.16120911,96.96459198,95.12851715,81.35198212,93.6795578,89.20052338,96.37194061,93.55503845,98.32277679,95.71031189,98.99463654,95.14543915,99.77842712,,
Costa Rica,CRI,76.48776245,76.72573853,86.36704254,90.31678772,88.93383789,86.63247681,81.92340088,89.02291107,85.621521,82.86920929,83.45877838,87.11617279,87.77172089,81.60788727,74.92112732,78.14954376,78.68406677,75.86148834,76.23412323,75.6427536,75.05870819,79.76307678,81.80551147,83.72634888,82.46160126,81.76579285,83.92305756,,,86.56072998,92.11070251,94.77529907,96.68852234,,96.46131897,95.43920135,91.69969177,93.72950745,95.05861664,98.1324234,99.36927032,104.5368805,102.6285477,98.96208954,98.73825836,,
Caribbean small states,CSS,,,,,,88.8,88.31756,90.84058,90.87115,92.70497,90.68397,92.08908,93.50454,92.81469,92.57939,90.12015,90.76004,92.51068,93.77976,95.89384,96.67593,95.69391,95.01156,93.80901,91.88727,89.92213,89.47698,90.34393,92.07419,93.73738,92.5423,87.37773,89.44673,89.43981,92.26466,93.42206,94.23587,92.89192,92.82746,93.41936,91.79069,92.19995,91.68834,91.2383,,,
Cuba,CUB,,64.91326904,58.36592102,65.51316071,75.48842621,79.63378143,93.69410706,111.3384933,119.566658,114.3906174,105.8448563,96.94120026,87.15794373,95.86704254,100.5113525,97.43560791,94.29141998,97.188591,95.31855011,96.21505737,93.87930298,94.15100098,86.62750244,83.77584839,96.51212311,96.91072083,97.51055145,,,94.74652863,96.4644928,96.12966156,101.075882,96.44087982,93.32369995,93.73645782,92.15405273,92.59767914,88.92919159,97.36312866,97.89865112,98.72493744,96.4966507,94.40789032,97.74214172,,
Curacao,CUW,,,,,,,,,,,,,,,,,,,,,,,,,,,,,,,,,,,,,,,,,,,,,,,
Cayman Islands,CYM,,,,,,,,,,,,,,,,,,,,,,,,,,,,,,,,,,,,,,,,,,,,,,,
Cyprus,CYP,,87.7488327,87.37760925,84.58779144,86.5982666,79.12229919,78.65077209,72.2392807,77.63687897,83.59600067,73.07263947,89.33345032,77.81578827,78.4054718,76.00437927,58.12493896,61.31048965,68.53798676,78.93495178,78.21015167,78.59986115,83.3319397,82.67945099,100.7670135,104.2388763,99.69097137,97.15772247,98.86196899,,100.7185516,97.65950012,98.0424881,100.450119,101.184639,87.55182648,100.0818024,101.1462097,99.95162964,100.2462082,103.160408,99.31649017,101.7331009,100.0641403,98.3320694,99.82537842,,
Czech Republic,CZE,,,,,,,,,,,,,,,,,,,,,,,,96.85913086,104.0077896,104.7026367,108.7782898,,,99.57669067,99.46221161,99.57652283,104.1646729,99.34094238,99.95683289,99.12590027,94.07763672,95.7719574,98.69252014,103.7228699,106.662529,103.9613419,101.2194595,100.0065002,98.41120148,,
Germany,DEU,,,,,,,,,,,,,,,,,,,,,,,,100.3609009,96.74545288,96.39765167,97.20339966,99.45720673,,102.6073914,105.9024277,107.9003906,103.6674805,102.7866135,101.5413437,98.60777283,99.94367218,104.79879,103.0404816,103.2700577,102.706871,102.1653214,100.1014709,100.6940994,100.2945099,,
Djibouti,DJI,,,20.37624931,20.44424057,20.19652939,20.41362953,19.06675911,,,,,,,,,,26.25377083,29.0532608,27.41959953,30.52956963,28.52252007,24.54533958,27.59646034,24.66037941,27.68291092,29.78429985,27.07206917,24.23888016,,22.88418961,26.05425072,25.6713295,,,,32.25479126,37.27151108,,45.12866974,,,50.66339111,,50.2324295,58.94092941,63.66014099,
Dominica,DMA,,,,,,,,,,,,,,,,,,,100.6787262,,,,,,,,,,,122.9646683,118.9668503,119.8964462,104.6263275,100.2773895,102.5727768,102.1418991,92.38613129,93.97162628,89.34911346,85.25096893,82.59108734,92.51064301,103.9604034,102.6641312,106.6465302,,
Denmark,DNK,,95.6314621,92.5199585,93.87293243,92.71779633,94.2385025,101.3355026,100.8111877,108.1824722,109.5004425,102.3127823,93.35868835,91.35473633,92.24820709,97.84867096,100.0617371,97.11981964,98.4907074,102.412262,97.72207642,95.4352417,97.81574249,97.06777954,99.33190918,96.88964081,,,,101.6681366,101.4943695,100.1946564,101.4141083,105.4713669,,100.7360382,100.4411163,102.1263885,101.824913,101.0266571,98.02220154,99.1743927,99.69799042,98.37644958,99.42453003,98.91304016,,
Dominican Republic,DOM,,34.55966949,,,,,,,,,,52.3549614,,,,,,,,,,,,,61.99568176,,,,,72.4671936,77.8242569,,90.43196106,,86.27446747,,83.75406647,90.95182037,,92.56993866,91.43598175,91.13156128,90.6936264,90.65028381,90.91072083,,
Algeria,DZA,,,41.31351852,43.27793884,45.64691925,51.24160004,57.37762833,60.53860092,63.15657043,63.01573944,62.53686905,66.4061203,67.80970764,70.23879242,74.53536224,87.99771118,72.28838348,74.22572327,75.24156952,78.11456299,77.01406097,76.18299866,79.41789246,79.18219757,78.42812347,79.89817047,83.04563141,83.28188324,,82.34738159,79.73542786,85.9233017,87.85536957,89.62773895,91.37671661,93.25202942,83.82813263,94.58865356,113.1773682,91.96723938,95.70555878,97.77239227,101.7010422,106.2238312,108.6427383,,
East Asia & Pacific (excluding high income),EAP,,,,,,,,,,,,,,,,,,,98.37156,98.24181,98.55749,98.05043,93.97652,94.48708,95.22783,91.56664,88.17691,87.27383,88.18413,89.1007,90.17757,91.50775,92.0648,92.96513,93.63782,94.1685,96.15105,98.82728,101.70236,104.60522,105.04829,104.65633,,,,,
Early-demographic dividend,EAR,,,,,,,,,,,,,,,,,,,,,,,,,,,,,,,,,,,,,,,,,,,,,,,
East Asia & Pacific,EAS,,,,,,,,,,,,,,,,,99.0733,98.84692,98.50026,98.27979,98.78825,98.25806,94.69345,95.09169,95.75983,92.38232,89.14043,88.20364,88.9742,89.82574,90.80688,92.07616,92.45626,93.39851,94.09899,94.58722,96.45386,99.11098,101.6808,104.31828,104.675,104.4287,105.28963,105.22955,,,
Europe & Central Asia (excluding high income),ECA,,,,,,,,,,,,,,94.62666,95.11842,96.17903,96.69215,96.22064,99.04839,95.42335,95.99073,96.46558,96.65823,95.79416,95.66745,95.1057,94.27032,94.77188,94.58592,94.16892,94.16265,96.78358,98.43246,97.55997,99.35882,102.09756,99.43545,97.51485,97.44664,97.36693,98.24523,99.94919,98.57771,99.54053,,,
Europe & Central Asia,ECS,,94.40045,94.1053,94.10452,94.33924,94.98022,94.90438,94.99189,95.07204,94.89877,94.88728,94.61414,94.4703,94.17896,94.59853,95.17621,95.46091,95.17574,96.87874,95.66748,95.81059,95.82107,96.01593,95.97443,95.56623,94.89709,94.82053,95.00433,94.9786,94.91203,95.18851,97.0825,97.43019,97.16775,97.52368,97.87559,96.78346,96.66782,97.11299,97.72348,98.16121,98.55879,97.79266,98.45976,,,
Ecuador,ECU,,55.58869171,54.95050049,58.63216019,61.51852036,65.5205307,69.9595871,71.74941254,70.86367798,74.78328705,77.80299377,81.62168884,84.43688202,88.19184113,90.5424118,91.04724884,,93.88114929,95.35128784,,,,,,95.50418091,93.28373718,92.69567108,95.72389221,,96.6993866,96.84329224,97.2979126,97.08854675,96.59030151,96.39296722,100.7712021,100.6110611,100.6068802,,,100.8614273,107.9388733,111.8575897,112.8804169,112.5604172,,
"Egypt, Arab Rep.",EGY,,55.84717941,52.60528946,55.99053955,57.98091125,60.75823975,62.10293961,62.67741013,55.09965897,36.93484879,47.67053986,57.08657837,,,,,76.7673111,76.68357086,,,,,,,,,,87.10912323,,90.93695068,89.51524353,88.39289093,87.88437653,89.02852631,91.46968079,93.24720001,89.80284119,95.16304016,,100.7296371,104.2483826,,,103.8235321,,,
Euro area,EMU,94.21505,94.20774,94.39496,94.49597,94.93595,96.71037,96.26089,96.14821,95.78779,95.35963,95.44314,95.26971,95.42426,95.19894,95.80569,96.21851,96.39564,95.78487,97.64938,98.17326,98.51166,98.07085,98.13799,98.21874,97.49371,97.11615,97.27516,97.05611,97.52946,98.00438,98.74134,99.60019,98.30094,98.17031,97.50874,96.23831,96.60393,98.41467,98.82027,98.83875,98.86891,98.48703,97.3933,97.10908,,,
Eritrea,ERI,,,,,,,,,,,,,,,,,,,,,,,,,17.80524063,21.97574043,29.54009056,32.54584885,,31.0544796,33.25991821,34.13671875,33.72494125,37.84191132,43.69657135,52.9829483,51.56491089,49.93051147,50.05374908,51.73382187,43.54806137,,38.56401062,36.7854805,,,
Spain,ESP,,,,,,,,,,,,99.00170135,98.44164276,99.12998199,102.4019928,103.5794601,103.5740204,101.2611389,104.932579,102.4949799,100.0097504,,,100.9946136,102.0711975,,,,,,,,,,102.4125824,,96.81893921,98.40297699,100.096962,102.485878,103.4633331,102.3900986,102.3663406,99.58207703,97.87254333,,
Estonia,EST,,,,,,,,,,,,,,,,,,,,,,,,,,79.64726257,90.82102966,,89.4345932,93.36475372,95.6677475,101.4070816,102.9411774,106.3003922,102.3160706,102.6423569,94.97763824,94.75234985,95.44657898,98.76197052,100.6342773,101.440239,105.2033005,106.5163803,,,
Ethiopia,ETH,,,,,,,,,,,,,18.17996025,,,,,24.50462914,24.00466919,22.84083939,,,,,14.10365009,13.9333601,14.88621044,,17.11259079,19.77520943,22.26291084,27.66237068,31.43432999,34.70420074,37.49169159,43.33737183,47.2110405,47.36957169,49.53107834,51.45220184,57.8392601,52.71012878,50.5066185,,53.65982819,,
European Union,EUU,93.63751,93.66382,93.6619,93.63875,94.44531,95.58587,95.41257,95.51248,95.39846,95.15044,94.9847,94.59487,94.33837,94.21258,94.99484,95.87495,95.61366,95.24194,96.30987,96.36261,96.13584,95.437,95.76279,96.35738,95.97572,95.92628,96.49331,96.79682,96.82069,96.8687,97.31023,98.53853,97.85215,98.22805,97.93134,96.74439,96.55917,97.57898,97.57635,97.6704,98.2829,98.13733,97.23911,97.07298,,,
Fragile and conflict affected situations,FCS,41.64792,41.58647,42.19568,43.97667,44.35427,45.98735,46.76823,48.68133,49.87767,50.56232,51.30231,52.14308,51.52182,52.08655,53.27458,53.17554,53.14278,52.42226,52.7211,52.74453,53.51922,54.31942,54.09993,55.05317,54.0914,53.97504,54.1809,54.03902,54.05601,54.37742,55.93546,57.63168,58.59113,61.10104,62.85683,64.2967,65.14765,65.97408,67.61174,68.75014,69.51534,70.44753,71.44933,69.48753,,,
Finland,FIN,,,,,,,,,,,,,,,,,,104.1296387,105.8811035,105.5880127,101.7880707,97.38752747,96.74073792,96.11254883,97.19695282,100.6359634,101.391037,100.5223236,98.15406799,95.98323822,96.33154297,102.2912598,101.0085831,102.0686798,100.3372574,100.3495331,96.90814972,98.18480682,98.62055969,97.50858307,98.03083801,97.42404175,99.41343689,99.4363327,99.24481201,,
Fiji,FJI,,,90.87856293,96.87194824,96.11871338,,106.5619202,106.587822,110.4009933,102.2623291,97.1414032,97.36109924,,95.49031067,92.01380157,93.38050842,95.2021637,,,,,,105.1267929,,103.0142136,102.5802307,101.6733704,102.9758301,103.2712402,99.61389923,94.98412323,97.03587341,101.958992,,109.2793427,,111.6147079,,106.2058105,105.4214172,,103.7393875,104.0157318,102.9385834,,,
France,FRA,,92.85690308,92.3241806,,,93.92677307,94.50414276,94.56954956,95.89746094,96.12062073,96.86945343,,,,,,96.75582123,95.86125946,99.49835205,102.0278473,105.2197723,107.0415421,107.8846512,,,,,,,97.01748657,97.43972778,,,,,,,,,,,,,,,,
Faroe Islands,FRO,,,,,,,,,,,,,,,,,,,,,,,,,,,,,,,,,,,,,,,,,,,,,,,
"Micronesia, Fed. Sts.",FSM,,,,,,,,,,,,,,,,,,,,,,,,,,,,,,,,,,,,,,,,,,,,,,,
Gabon,GAB,,,62.82073975,61.38571167,,84.53460693,88.42250061,80.96872711,81.13339233,82.32859039,81.16284943,84.92990112,86.75739288,86.54248047,75.4278717,92.56022644,,68.7430191,67.78845978,66.27483368,,,59.70595169,,,66.07417297,66.81427002,69.0803299,,,,,73.85549927,71.9046936,,,,,,,,,,,,,
United Kingdom,GBR,,,,,,,,,,,,,,,,,,,,,,,,,,,,,,,,,,,,,,,,,,,,,,,
Georgia,GEO,,,,,,,,,,,,,,,,,,,,,,,,,,84.28707123,85.83389282,85.46205139,,84.1488266,98.14264679,100.9613266,98.042099,89.61418915,95.64562225,85.67945099,84.55136871,94.85420227,101.7659607,107.5053024,111.3002472,,107.5925293,112.9623795,116.4574203,,
Ghana,GHA,,65.79715729,59.94834137,,54.51916885,55.96937943,58.3797493,60.44684982,61.72891998,61.7638092,62.97452164,66.60704041,,,,,,,,,,65.60920715,67.70310211,,,,,,,68.71009064,71.76748657,67.99452209,69.29826355,70.10018158,68.79762268,74.47263336,71.15737915,77.44184875,83.69075775,85.67311859,,92.89778137,98.15280151,98.44902802,96.53050995,101.1004715,
Gibraltar,GIB,,,,,,,,,,,,,,,,,,,,,,,,,,,,,,,,,,,,,,,,,,,,,,,
Guinea,GIN,,,,,,,,19.0739193,21.18239021,,23.67329025,19.67598915,21.45998001,21.06419945,21.51021004,17.44116974,16.51351929,15.80286026,12.66775036,13.58909035,19.92770958,17.62235069,17.16879082,19.07970047,19.74467087,19.25873947,29.17411041,,24.41012955,28.17650032,31.09342957,33.15525055,37.34130096,37.77576828,47.77843857,54.1652298,58.77714157,58.9063797,51.48807907,57.5111618,57.5218811,,60.21669006,60.59775162,61.75585175,,
"Gambia, The",GMB,,25.81071091,27.17801094,25.9031105,25.43276978,27.47628975,26.50037956,21.3888092,28.15026093,27.9380703,30.03597069,29.12100029,32.05855942,35.51583099,41.82091141,44.22735977,47.38594055,52.10673141,,44.35879898,,,41.75574112,39.62356949,38.55498123,41.03900909,48.29693985,46.74610901,,71.41481018,71.88459778,73.96012878,72.22579956,75.73213196,74.59780121,71.60569763,69.6399231,76.73451996,82.1244278,,73.46954346,68.87705994,69.76908112,69.77739716,67.31471252,,
Guinea-Bissau,GNB,,,,,,,6.798359871,,,14.19258976,10.36345005,14.90237045,16.20278931,13.13167,12.53139019,,,9.377969742,6.270170212,,,,,,,,,,,,26.8962307,,,,,,,,,,62.17481995,,,,,,
Equatorial Guinea,GNQ,,,,,,,,,,,,,,,,,,,,,,,,,51.95798874,,,,,,46.69231033,,,37.11159134,,45.38348007,,,43.62197876,46.64836121,49.5051918,48.66611099,51.23036957,,,,
Greece,GRC,,103.5474091,102.1696091,100.5883408,99.53495789,100.1196594,100.2158585,100.475502,102.1343994,101.6113815,98.2482605,97.33946991,97.32064819,99.10124207,102.1760712,105.0982132,110.8062668,101.2335815,101.930687,98.866539,,,100.3171463,,,,,,,,,,,,98.93968964,96.23725128,98.76235962,97.59915924,,,98.19096375,96.21327209,99.51264191,97.08522034,,,
Grenada,GRD,,,,,,,96.3716507,98.09274292,89.8795166,92.00337219,,,,95.25988007,85.77303314,83.41544342,,,,,,,,,,,,,,92.94455719,,,91.38130188,100.2815781,,102.383049,,97.55082703,110.4865417,121.1287994,111.477829,,,94.51087189,89.43544006,,
Greenland,GRL,,,,,,,,,,,,,,,,,,,,,,,,,,,,,,,,,,,,,,,,,,,,,,,
Guatemala,GTM,24.00408936,24.12593079,26.07695007,,,29.46742058,30.51795959,30.37219048,31.48179054,31.94581032,33.9041481,33.95742035,33.8807106,35.13737869,36.57794952,38.06546021,41.00183868,,,,,,,,,,45.75106812,,,51.25334167,56.10758972,58.81721115,62.55472183,,68.65386963,72.51242065,75.35977936,75.83374786,78.54676056,82.20065308,84.21375275,86.68910217,86.08334351,86.50177002,86.6244278,,
Guam,GUM,,,,,,,,,,,,,,,,,,,,,,,,,,,,,,,,,,,,,,,,,,,,,,,
Guyana,GUY,,96.49224091,91.87236786,88.86540985,87.6668396,,85.28626251,94.32022858,91.13739777,93.251297,86.06478882,89.22241211,89.70246124,83.97891998,86.92268372,,,87.99813843,,,,,97.45783234,97.34844208,,81.38816071,82.74236298,86.71614075,,103.8479004,107.4275208,92.18409729,,79.99401855,,95.54559326,94.10402679,92.54366302,91.48925018,91.26747894,83.22660828,85.43448639,84.07089233,,,,
High income,HIC,93.27789,93.34339,93.10352,93.21432,93.31578,93.84282,93.98175,94.46685,94.15328,93.37853,94.57032,94.81866,93.79672,93.70878,94.34209,94.25134,94.54484,94.51924,94.63399,94.43738,94.78671,94.54479,95.00765,95.45721,95.11052,94.71287,94.87628,94.92171,95.07362,95.49752,95.89429,96.92266,96.38667,96.84782,96.70503,96.05132,95.99696,96.94437,97.20177,97.60197,98.03635,98.04375,98.29732,98.58892,,,
"Hong Kong SAR, China",HKG,,,,,,,,,,,104.1496582,101.7459869,98.56481934,97.94580841,102.716362,103.9047012,107.6355209,,,103.4754181,102.0128403,100.9699783,100.6618423,101.9618683,100.3891525,98.37751007,94.23468018,,,,,,,,,,,,,,,,100.2111511,97.77397156,99.44406128,,
Honduras,HND,,,,,,,,,,,44.57500076,,49.94493866,,54.98490143,,,,,,,64.06221008,67.29164886,69.25183105,70.76931,69.85962677,70.9417038,71.39494324,72.23435211,,,,,80.50556183,,81.54257202,88.26262665,,88.76953888,91.86322784,97.18988037,100.7206421,100.6761017,94.47953033,90.7219696,,
Heavily indebted poor countries (HIPC),HPC,32.59093,32.56847,33.01724,33.56698,34.01028,35.14054,36.05386,37.62233,39.49454,40.44971,41.6363,43.48408,43.93092,44.6182,47.48459,44.12079,43.91402,43.16257,42.06988,40.5028,41.26077,42.08551,41.20182,42.36465,41.13508,41.04898,41.64854,41.79004,41.22746,42.60976,43.27453,45.75021,48.04181,49.77264,51.4866,54.00386,56.18336,58.6082,62.19058,64.11124,64.38234,65.07147,65.82079,65.51176,,,
Croatia,HRV,,,,,,,,,,,,,,,,,,,,,,,,,83.5953598,80.2588501,84.7379303,85.9048233,90.89968872,89.48496246,90.88368988,95.01474762,98.17825317,97.33180237,,103.4183121,101.7175674,103.9663391,98.68425751,93.43599701,91.0165863,92.8319931,92.26564789,,95.61401367,,
Haiti,HTI,,,,,,,,,,26.29389954,27.09909058,,28.48488998,31.0428009,,33.9473381,36.08649826,37.87105942,,,,,,,,,,48.16994858,,,,,,,,,,,,,,,,,,,
Hungary,HUN,,89.09324646,88.41348267,92.64517975,99.22936249,99.98287964,97.44351196,99.14526367,103.8811417,98.9733963,97.54374695,93.58756256,92.98782349,94.43525696,102.5568085,113.6752701,103.8650589,96.92974854,89.35327911,83.49292755,81.87394714,79.46602631,85.16750336,89.8814621,,,,97.93956757,98.47921753,96.00401306,96.4327774,98.04743195,99.42623138,96.19326782,94.61708069,93.75652313,98.58830261,95.70574951,97.76643372,98.13526154,98.62242126,,98.877388,98.51088715,96.77620697,,
IBRD only,IBD,75.60664,75.69041,76.18681,76.97857,77.29107,77.98529,78.80023,79.77287,80.356,81.05676,82.14346,83.21865,83.92509,84.71011,85.85644,86.79398,86.99789,86.83353,86.85326,86.55186,87.05217,87.26757,86.46106,87.22257,87.95148,86.92123,85.27441,84.7823,84.91959,84.99504,86.17025,87.07927,88.49151,90.37241,92.18953,93.63642,94.92275,97.17253,99.53894,100.98963,100.66642,100.07841,100.7167,,,,
IDA & IBRD total,IBT,70.43044,70.54047,71.03292,71.78529,72.03847,72.6722,73.27566,73.95488,74.57705,75.32468,76.28092,77.25757,77.93029,78.59531,79.71796,80.14362,80.22105,79.95917,79.80463,79.36102,79.72648,79.94131,79.28966,79.98178,80.40047,79.63373,78.465,78.14075,78.31466,78.6167,79.62695,80.59387,81.72076,83.07114,84.36037,85.63988,86.89832,88.17242,89.63313,91.09491,91.19566,91.09737,91.76888,91.66474,,,
IDA total,IDA,45.22805,45.37578,45.92299,46.56699,46.92579,47.94194,48.62169,49.17836,50.37226,51.64617,52.72269,53.94958,55.15942,56.26282,57.81308,58.11802,59.0416,59.92071,60.44789,61.02364,61.98531,62.94217,63.55677,64.54569,65.02433,65.70959,65.3363,64.88818,64.56413,64.63277,66.23429,67.42976,69.50748,71.83526,73.55495,75.79276,78.14549,79.24143,80.58379,82.28287,82.45366,82.49448,83.01881,82.84857,,,
IDA blend,IDB,,,,,,,,,,,,,,,,,,,,,76.31729,76.47418,76.47001,,,76.75106,76.6761,76.61435,76.5347,76.81532,77.02135,78.45577,78.18229,77.38505,76.88568,76.92725,79.41521,76.27743,73.23918,74.6781,77.66875,77.91594,79.61958,79.517,,,
Indonesia,IDN,,,51.89075089,53.08979034,50.91999054,49.28826141,48.74034882,53.2840004,56.06428909,,,65.42780304,69.9930191,75.19178772,84.66339874,94.15110779,96.55024719,95.82466125,95.98288727,96.18222809,93.3273468,90.2725296,88.71624756,92.16168976,94.60736847,94.53108978,93.52371216,94.15606689,,,,93.75856781,95.04089355,95.62664795,95.53340149,94.1592865,92.42225647,96.53505707,96.55042267,98.32740784,100.2481003,97.47122955,102.5354614,100.5884476,102.8928909,,
IDA only,IDX,37.46276,37.55981,37.84976,38.83022,39.0644,39.81786,40.46219,39.2784,40.17995,41.62289,42.18961,43.19747,44.10497,45.09821,47.33765,45.76949,46.15259,46.19744,46.07212,45.72751,46.62975,47.54142,47.53746,48.4734,48.11135,48.33074,48.63229,48.65031,49.04259,50.36596,51.36707,53.10801,54.97013,56.53259,57.89895,60.40453,61.85709,63.05388,64.86053,67.39559,68.21421,70.04591,70.66883,70.44395,,,
Isle of Man,IMN,,,,,,,,,,,,,,,,,,,,,,,,,,,,,,,,,,,,,,,,,,,,,,,
India,IND,,39.66374969,,,41.61735916,,,,,,,,,,,,,63.17137909,64.55854034,,,,,,,71.86660767,,,,68.92706299,71.75483704,72.43009949,75.81871796,80.30370331,,,,,94.96790314,95.92668152,,92.88214111,,96.20903778,,,
Not classified,INX,,,,,,,,,,,,,,,,,,,,,,,,,,,,,,,,,,,,,,,,,,,,,,,
Ireland,IRL,,,,,,,,,,,,,,,,,,,,,,,98.840271,99.35749054,97.47406006,96.57788849,,,,,,,,,,,,,,,,,,,,,
"Iran, Islamic Rep.",IRN,,50.12173843,,,,,,,,,,,,,77.60279083,80.33621979,80.70375061,80.67550659,81.30484009,82.23097992,85.33956909,88.82875824,92.02709198,97.23274231,95.10623169,98.85334015,,96.97322083,,,92.02081299,95.82848358,95.99858856,92.62993622,103.2509308,106.3650894,98.84269714,95.12654114,98.24359131,102.9207382,104.8279114,104.2065735,102.1859283,,,,
Iraq,IRQ,,40.54576874,39.68460083,42.74565125,43.53713989,51.38124847,51.73218918,64.95142365,66.17585754,,73.2424469,,,56.7179718,,65.13646698,63.99332809,58.13048172,60.9016304,59.217659,,,,59.35774994,,,,,,56.83988953,55.83219147,,,,79.57971191,,,66.65807343,,,,,,,,,
Iceland,ISL,,,,,,,,,,,,,,,,,,,,,,,,,,,,,89.61131287,89.98586273,97.58921814,107.9121399,103.0605087,107.9954681,98.55619812,100.1523132,99.54907227,97.36386871,96.19779968,99.59848022,97.5980072,98.52670288,97.29351044,,,,
Israel,ISR,,,,,,,,,,,,,,,,,,,,,,,,,,,,,,,,,104.4791107,104.5371933,108.1201096,104.1219864,102.7257385,103.5373535,100.3058624,103.4287262,101.7042007,100.9750977,105.8253937,101.6238785,102.3713226,,
Italy,ITA,,97.25263214,99.29820251,99.1038208,100.2945709,107.9595184,106.0933075,105.5232391,102.5653534,102.0675125,103.5743103,100.561142,101.1128616,100.2191696,100.2295685,102.3536072,101.8872833,100.5395279,99.97254944,100.3195496,100.8141937,98.09378052,98.57830811,,99.85881805,98.50243378,99.14067078,95.73310852,,100.0854721,100.8139801,103.7015076,102.0452881,102.3537521,100.8502808,99.17082977,99.45578766,101.4802017,104.8051682,102.6053314,103.106842,104.211998,100.6607285,100.0496063,,,
Jamaica,JAM,,,,,,,78.03700256,79.96749878,,86.27114105,83.75823975,85.16931152,,,88.44550323,85.30510712,86.51152802,90.29328156,92.71494293,95.6583786,96.38204193,93.47926331,,89.82943726,,,,,,,87.05973816,81.4645462,87.39517212,,87.39598083,,,,,,,,,,,,
Jordan,JOR,,,70.25099182,76.83763885,89.58982086,99.93720245,102.1792221,102.1785583,103.9128494,102.809288,103.1132278,99.75256348,98.1193924,93.95552063,96.97527313,97.4471283,,88.46182251,90.77187347,92.57306671,95.6996994,97.57720184,97.45323181,96.06189728,98.75361633,,95.45939636,,,97.95658112,101.1622925,,97.87049103,101.1305618,101.9281311,105.4786911,102.6281891,105.3394775,103.0678482,,,85.97956848,,,,,
Japan,JPN,,105.133461,100.9105911,98.64232635,98.00888824,97.92424011,98.34951019,102.7923889,98.83891296,90.64398956,105.9307022,104.2035217,99.43495178,98.64810944,99.13111877,99.40853119,101.3836517,102.6569519,100.7598038,100.8889999,103.3971405,103.3218918,101.1589737,,98.89334106,,,,103.0667038,102.6883316,102.3803177,102.6564178,99.4434967,99.05454254,100.9451675,101.1006165,100.9106369,104.3242722,,101.4270706,100.5941772,102.1158981,102.0557022,,,,
Kazakhstan,KAZ,,,,,,,,,,,,,,,,,,,,,,,,,105.6244583,101.64077,,99.69793701,95.8474884,,92.74226379,94.98938751,96.26540375,97.435112,104.154892,104.9770279,101.0408478,97.52880859,101.5371323,103.1266937,106.3611069,112.9151993,106.305687,108.0471573,113.820343,113.0070114,
Kenya,KEN,48.4380188,50.68309021,53.92649078,55.62292099,,60.64020157,62.82408142,67.25211334,68.53488922,89.46472931,86.05039215,84.52159882,,,,,,,,,,,,,,,,,,,,,,,88.99049377,90.97654724,,,,,,,,,103.5083694,,
Kyrgyz Republic,KGZ,,,,,,,,,,,,,,,,,,,,,,,,,,103.344017,99.68776703,,,93.69225311,93.48317719,93.26531219,93.30555725,90.12931824,92.17565155,96.74624634,100.4353638,95.87393188,94.12928772,96.4332962,95.49204254,93.9774704,95.20323181,100.2988586,105.0050125,,
Cambodia,KHM,,,,,,,,,,,,,,,,,,,,,,,,,45.97893906,43.39247894,,17.1361599,32.3718605,41.01337051,,51.09643936,59.69195938,66.38300323,77.35809326,86.64028931,89.08454132,90.41671753,85.61607361,82.99082947,84.87407684,87.15670776,92.86129761,93.85637665,96.29795837,,
Kiribati,KIR,,,,,,,,76.81729126,85.85591888,72.56461334,84.42076874,132.4342499,122.8531876,129.0714264,127.2999268,127.4343109,126.3636398,110.1719208,109.4262314,113.4765625,102.2457886,112.8562775,111.7298584,106.8469467,108.6543808,110.3187485,121.2153015,122.7087631,,106.5473404,99.02416229,117.2191467,111.3563232,119.5712967,123.06604,122.920517,113.3592682,118.5969315,106.6773911,,,,,,112.3611832,,
St. Kitts and Nevis,KNA,,,,,,,,,,,,,,,,,,,,,,,118.249733,,,,,,,,103.2327576,103.2397385,107.2746964,96.47189331,107.02948,106.8925171,,93.10733795,84.64911652,93.61701965,88.77339172,92.96066284,92.5732193,89.68421173,82.11640167,,
"Korea, Rep.",KOR,,95.97640991,97.94573212,106.7491684,104.2521133,103.3796997,107.4301605,101.3459167,99.54483032,101.9720688,98.43437958,103.5316315,101.1998901,102.5510712,107.9780579,105.1747894,104.5999603,104.1799622,99.62716675,94.97756195,99.22781372,97.3441391,109.0494995,109.103363,111.7801132,111.4036636,,,99.89286804,104.0362015,103.5772018,98.45246124,95.252388,106.4604568,111.6584473,113.4508667,109.6218796,107.4864197,102.4472122,100.6495132,98.7425766,101.6930618,109.1005478,103.2169724,,,
Kosovo,KSV,,,,,,,,,,,,,,,,,,,,,,,,,,,,,,,,,,,,,,,,,,,,,,,
Kuwait,KWT,,59.48400116,54.55353165,51.87931061,49.23479843,58.48392105,81.68698883,68.68752289,74.42978668,75.24806213,81.49875641,93.01994324,91.14412689,93.08457947,93.14853668,94.15296936,95.21092224,96.1394577,,,,,57.08182907,,80.69859314,72.92533112,101.2612762,98.38546753,,100.9689178,103.4884796,94.03044128,101.1419525,106.0192032,106.7019501,115.7561798,,106.5164871,,,97.91647339,100.4166336,100.2042694,103.0464096,,,
Latin America & Caribbean (excluding high income),LAC,77.59479,78.07175,78.32997,79.19938,79.70815,80.13631,81.23697,83.39999,83.64279,84.47101,85.16228,85.71918,86.28091,87.46136,88.64213,88.21782,89.17653,89.56244,89.55899,89.49416,89.49315,89.7868,91.07645,91.79308,92.33888,92.8555,93.35389,93.92837,94.88902,95.47012,95.89733,95.47507,96.60764,96.5863,96.93578,97.51576,98.44447,99.18813,98.98876,98.9252,98.95943,99.29903,100.48273,101.10734,,,
Lao PDR,LAO,,,,,,,,,,,,,,,,,,,42.1374588,,43.45265961,,40.52325058,43.59157181,48.72167969,,56.83116913,59.75091171,63.9079895,69.1979599,67.50041199,67.53646088,67.82626343,67.19477081,67.45400238,69.73027802,73.49832916,75.79556274,78.00244141,81.01116943,85.01296997,90.85048676,94.36131287,98.75074005,100.3357162,,
Lebanon,LBN,,,,,,,,,,,,,,,,,,,,,,,,,,,,97.85025787,103.31633,120.1399002,115.4087906,111.8308868,103.3254166,98.16123199,90.89415741,82.92237091,80.47608948,82.59191895,85.77742004,85.40234375,87.8861618,84.75097656,81.12956238,78.10948944,,,
Liberia,LBR,,,,,,,,,28.58761978,,,,,,,,,,,,,,,,,,,,,,,,,,,,64.69911194,,61.17087173,60.42718124,,65.19983673,,,58.83306122,,
Libya,LBY,,43.23083115,77.75772858,68.82325745,84.53730774,103.7189789,97.61799622,100.8598328,98.71790314,93.21739197,86.10325623,88.17192841,,94.42067719,,,,,,,,,,,,,,,,,,,,,,,,,,,,,,,,,
St. Lucia,LCA,,,,,,,,,,,,,,106.3547134,101.5389099,,,,,,123.8759689,116.7818985,,119.8513489,,,,,,,,,105.3140106,104.6776962,103.7876587,99.50753021,106.8722534,107.5979691,,,,,,,,,
Latin America & Caribbean,LCN,77.77847,78.46759,78.81696,79.66119,80.05075,80.48966,81.64305,83.66498,83.91579,84.74683,85.44598,86.02971,86.62032,87.78165,88.87367,88.43285,89.32926,89.69735,89.67441,89.60202,89.59377,89.85663,91.06175,91.72735,92.21255,92.66411,93.10619,93.64217,94.59843,95.19221,95.61111,95.20267,96.31172,96.29395,96.67524,97.28245,98.22643,98.97427,98.81441,98.78145,98.81841,99.1693,100.37399,100.96233,,,
Least developed countries: UN classification,LDC,,,35.42939,36.47712,36.72108,37.36955,37.89423,36.28986,37.19725,37.88691,38.51382,39.44759,40.27579,41.31648,43.76177,42.11399,42.41455,42.33741,42.12201,41.7956,42.80315,43.64555,43.61377,44.56168,44.10046,44.42575,44.82471,44.98052,45.26086,46.52038,47.55579,49.45811,51.48368,53.30471,54.93083,57.38043,59.02218,60.33747,62.17376,64.80311,65.46035,67.448,67.97712,67.75436,,,
Low income,LIC,35.93452,35.85355,36.25744,37.44689,37.80077,38.71518,39.60971,38.20384,39.25682,41.0027,41.62434,42.53615,43.51125,44.62544,47.05737,45.33549,45.5911,45.43674,45.09561,44.79456,46.05233,47.12551,47.24481,48.34558,47.89675,48.17437,48.40652,48.4127,48.78399,50.22057,51.31617,53.18233,55.10728,56.74077,58.2827,60.77587,62.45696,63.54024,65.25022,68.13941,68.58025,70.53579,71.18371,71.01375,,,
Liechtenstein,LIE,,,,,,,,,,,,,,,,,,,,,,,,,,,,,,,,,,90.38902283,109.0206223,,101.7811737,102.8697586,103.6496429,94.59458923,111.053978,100.742569,102.2388077,,92.24806213,,
Sri Lanka,LKA,63.54953003,,79.88297272,,73.10421753,70.93070984,42.35868835,57.99789047,64.05963135,69.54251099,75.47496033,80.13342285,87.25346375,82.94876862,81.6295166,83.74816895,83.87206268,88.73265076,,94.490242,96.75924683,99.24298096,99.16438293,,,,,,97.3066864,,,107.2625504,112.5885086,105.1849899,,101.1918488,100.2236404,97.52072144,92.57199097,92.49127197,99.0952301,100.4149933,97.59052277,98.5404892,98.0389328,,
Lower middle income,LMC,52.28,52.38486,52.58108,53.14542,53.2103,53.96591,54.49789,56.04998,57.12387,57.7403,59.44018,61.1394,62.89191,64.46783,66.56722,68.62213,69.77732,70.58546,71.18056,71.95693,72.6442,73.13998,73.57342,74.75833,75.70334,76.42431,75.94316,75.58771,75.24986,75.00054,76.6701,77.71147,79.3677,81.83495,83.51637,85.33112,87.0344,88.46711,89.5573,90.74049,91.26013,90.4038,91.50606,91.16539,,,
Low & middle income,LMY,68.85539,69.01492,69.56908,70.36735,70.77332,71.52985,72.20855,73.11012,73.85864,74.61316,75.61852,76.54448,77.22482,77.91705,79.05579,79.54755,79.61939,79.3327,79.18517,78.74678,79.09901,79.34391,78.57055,79.28854,79.76369,79.04268,77.87693,77.59546,77.8468,78.18086,79.25562,80.24804,81.44988,82.79784,84.10283,85.44952,86.74212,88.03841,89.51429,90.95831,91.0806,90.97308,91.61897,91.4561,,,
Lesotho,LSO,,32.85961914,36.54051971,40.49383926,49.73427963,52.26486969,48.79030991,44.88597107,45.37285995,46.14091873,46.23558044,47.54747009,48.05477905,49.2425499,49.76662827,49.82984924,50.34394073,53.30447006,56.29238129,57.02096176,59.57789993,60.34672165,63.00947952,62.92161942,65.30460358,69.23806,66.89067078,66.36952209,66.56685638,65.2204895,63.6882782,65.6230011,66.44145966,67.92780304,69.68135834,64.11991882,80.38899231,74.98174286,71.96669769,71.36062622,73.09819031,72.59458923,72.48432159,74.12431335,75.65151215,,
Late-demographic dividend,LTE,,,,,,,,,,,,,,,,,,,,,,,,,,,,,,,,,,,,,,,,,,,,,,,
Lithuania,LTU,,,,,,,,,,,,,,,,,,,,,,,,,,93.20394135,97.60289001,99.62747955,,99.31481934,100.6843033,107.8536606,108.1717224,108.5013275,99.93431854,90.9622879,92.70738983,96.21788788,93.44944,98.62927246,103.0463867,99.10624695,97.57978821,97.18447113,101.1579132,,
Luxembourg,LUX,,,,,,82.99064636,82.82128143,85.74375916,84.37618256,84.22151184,,,,82.84049225,,,,,,,,,,,,,,,,,,,,,,,,,,,84.31211853,84.368927,85.73951721,81.9708786,,,
Latvia,LVA,,,,,,,,,,,,,,,,,,,,,,,,,,73.84043884,73.73409271,88.21381378,,94.87873077,96.2435379,100.0029068,98.38297272,101.4023438,95.47276306,91.55938721,91.03118134,92.25624084,91.82685852,91.10832977,96.15609741,98.65795135,106.1726913,110.6634064,104.854538,,
"Macao SAR, China",MAC,,,,,,,,,,,,,,,,,,,,,96.70603943,,92.54084015,95.3411026,,,,,,,,,,,,,,,,,,,,,,,
St. Martin (French part),MAF,,,,,,,,,,,,,,,,,,,,,,,,,,,,,,,,,,,,,,,,,,,,,,,
Morocco,MAR,,26.20760918,25.83321953,26.61879921,27.22771072,28.62994957,31.07741928,33.46393967,36.76052094,39.64894867,41.96775055,43.50019073,46.32788086,47.81684113,49.3440094,57.8624382,56.18463898,55.70581818,51.81959152,44.41709137,50.70161819,47.09592819,45.68947983,46.07458115,46.20024109,47.81864929,48.57476044,50.26269913,53.32987976,55.20204926,58.04431915,59.54150009,61.86523056,66.18641663,73.68274689,78.28385162,81.89536285,82.10582733,80.66747284,80.15653992,84.21331024,89.24269867,99.99726105,99.69239807,101.7468872,,
Monaco,MCO,,,,,,,,,,,,,,,,,,,,,,,,,,,,,,,,,,,,,,,,,,,,,,,
Moldova,MDA,,,,,,,,,,,,,,,,,,,,,,,,,,95.01312256,,,,94.35630798,97.78652954,97.26114655,97.14170074,95.38089752,96.22393799,99.48995209,98.03025818,92.91346741,91.37654877,92.81584167,91.97969818,91.09963226,89.63884735,93.03943634,91.96939087,,
Madagascar,MDG,,27.0122509,29.63433075,29.21036911,,31.72835922,,,,,,,,,,,,,36.75405884,34.83533859,35.04671097,34.67556,32.56578064,34.15919876,31.53401947,30.98986053,30.73657036,,30.1776104,32.95145035,35.88832855,35.55109024,35.69675827,39.55012131,45.46910095,57.77283859,56.67670822,60.93576813,67.28568268,73.96315002,70.54566956,71.00579071,69.53569031,68.45590973,68.78253937,,
Maldives,MDV,,,,,,,,,,,,,,,,,,,,,,,,,,,,117.8334732,,,,177.659317,185.2965851,180.1869659,176.8303223,135.4373169,126.8736191,,109.6395798,114.3786011,,,,,,,
Middle East & North Africa,MEA,48.72033,48.69281,48.73202,50.61727,52.47018,55.68609,57.62849,60.12044,59.95854,56.42241,59.82422,63.5076,64.68278,66.28272,68.93902,73.33322,72.52361,72.49302,73.09721,73.66196,75.61746,76.50162,77.97674,79.45869,79.67351,81.46327,82.19488,82.84934,83.49335,84.08488,83.44431,85.31918,86.1368,87.67356,91.53097,92.79784,89.42079,90.2048,92.43425,91.41619,93.40568,93.85684,96.09715,94.42087,,,
Mexico,MEX,,,,,,68.48993683,70.37812042,76.00196838,76.2466507,80.33422852,83.11952209,84.43141174,84.31305695,85.08265686,88.06504059,86.38247681,88.02200317,88.77957916,88.61528015,88.39128113,86.66275787,86.40091705,87.81291962,88.84702301,90.58654022,93.59056854,95.2186203,94.89412689,,94.57434845,95.06459808,95.42043304,96.34929657,95.88363647,97.20310211,97.43582916,97.11737061,97.02297211,95.40583801,92.98161316,92.57441711,92.60791779,98.85064697,102.8218613,104.7084198,,
Marshall Islands,MHL,,,,,,,,,,,,,,,,,,,,,,,,,,,,,,92.5298233,,,114.2964096,103.6666718,,110.1761322,114.6942825,116.9756088,114.3263779,109.1237564,,99.75409698,,,,,
Middle income,MIC,73.24487,73.41534,73.94404,74.6619,75.06647,75.81976,76.48177,77.68974,78.40387,79.02575,80.08395,81.03475,81.70087,82.39334,83.41752,84.2836,84.43248,84.25725,84.27008,83.96513,84.32996,84.55003,83.68772,84.39973,85.08394,84.22352,82.81157,82.43429,82.63965,82.77488,83.86851,84.81405,86.03885,87.48812,88.91144,90.20355,91.57568,93.06834,94.65796,95.95696,96.15585,95.67359,96.38323,96.29264,,,
"Macedonia, FYR",MKD,,,,,,,,,,,,,,,,,,,,,,,,94.8200531,95.02037048,94.06590271,97.6192627,99.23181915,103.7584991,103.7614594,100.2545395,98.37597656,99.50541687,95.65315247,94.41455078,95.28076935,92.92392731,91.77590179,90.87107086,89.87657166,,,,,,,
Mali,MLI,,10.05257034,9.234339714,9.610630035,10.3650198,,11.50673962,13.81904984,12.9332304,13.63409996,12.06112957,11.61668968,,11.83043957,11.30311012,10.66786003,9.795639992,9.725529671,9.395910263,,,,,,,,,,,,30.81949997,34.83296967,35.7193718,38.70314026,40.45277023,41.80593109,46.77378845,49.71654892,52.32432938,53.86656952,56.92819977,57.65483856,54.10512161,53.96850967,53.06072998,,
Malta,MLT,,103.2120895,108.1999435,105.9170685,110.0706711,98.89904785,77.24365234,101.4260178,97.3859024,108.057518,112.7314835,126.4268265,110.8970184,106.8773193,102.3629913,107.8861923,106.9296036,109.6992264,99.20758057,99.8316803,99.39383698,99.70654297,104.4197922,109.4288788,110.1531219,104.976387,102.9969864,99.52870941,99.32804871,100.0682678,102.343483,101.1466293,102.4662933,101.3050613,99.16712952,95.52546692,98.0838623,93.28501129,93.95223236,86.15234375,88.68714905,88.71562958,83.06127167,86.53762054,91.82834625,,
Myanmar,MMR,,35.69506836,33.88243103,41.69229126,39.30432129,,,,,,,,,,,,,,,,,,,,,,,,,70.35701752,76.47131348,75.74324799,76.72348785,78.88961792,80.77163696,,85.02027893,85.04553986,85.74517822,84.40368652,84.35032654,,,,85.07289886,,
Middle East & North Africa (excluding high income),MNA,48.09938,48.10654,48.18524,50.25995,52.29955,55.73706,57.70154,60.4113,60.19787,56.33057,59.87539,63.67619,64.86333,66.52138,69.34435,74.11873,73.11641,72.94297,73.51901,74.00603,76.06626,76.96334,78.5556,80.0246,80.11604,82.02902,82.56339,83.05903,83.58178,84.07188,83.23393,85.22116,85.94207,87.49045,91.60354,92.89646,88.99252,89.72572,91.9678,90.51393,92.48428,92.71329,94.81358,92.88104,,,
Montenegro,MNE,,,,,,,,,,,,,,,,,,,,,,,,,,,,,,,,,,,,,,,,,,72.57196808,96.2009964,,,92.57817078,
Mongolia,MNG,,,,,,,,,95.69946289,99.92340088,99.36398315,,,98.03922272,,,,,,,,,,,,74.71334839,79.64012146,77.09549713,88.64092255,86.76554871,86.95362854,91.96408844,99.35185242,100.9582977,97.78096771,96.14891052,,,,,,,,,109.8543015,,
Northern Mariana Islands,MNP,,,,,,,,,,,,,,,,,,,,,,,,,,,,,,,,,,,,,,,,,,,,,,,
Mozambique,MOZ,,,,8.350569725,,,,,,,,,35.7434082,27.9271698,32.96551895,33.11091995,44.12088013,33.13594818,26.00650978,25.55455017,26.68405914,26.89805031,25.01548958,24.73138046,25.02569962,25.49624062,,,,14.09311008,16.27226067,18.96158981,22.17357063,,28.81483078,40.2402916,39.58911133,43.53252029,55.61965179,52.78129959,56.33694839,52.64920044,50.2219696,48.03507996,47.5577507,,
Mauritania,MRT,,,,,,,10.13027954,10.31215954,11.90869999,15.81241989,18.98023987,25.35590935,,29.04824066,,29.92309952,32.22909927,32.97481918,38.41259003,34.19314957,28.7842598,32.41178131,31.31855011,32.80998993,32.41152954,33.35443878,34.14284897,38.39638138,43.78643036,44.99531174,,45.12934875,42.67477036,,,42.42786026,43.46475983,54.70838928,,67.01679993,,,68.12068176,70.26368713,67.50243378,,
Mauritius,MUS,,,,,,,,,,,,,,86.32550049,80.83859253,93.42858124,125.3291092,100.0466614,102.6993713,67.97722626,113.64991,114.1379013,109.6910477,101.9937515,97.50086975,95.85478973,93.85199738,93.82466125,97.42868805,102.6889114,102.7889404,101.8847427,98.32897186,99.15022278,96.02805328,97.49250031,95.04103851,97.48471832,97.15239716,94.86300659,99.26348877,98.15950775,95.51381683,97.63023376,97.47383118,,
Malawi,MWI,,,,,20.08036995,21.28351021,23.42432976,27.70269012,28.64583015,30.51519966,31.0078907,33.49261856,33.13150024,32.91947937,31.3990097,32.54447174,31.81760979,31.73117065,25.71747017,26.74908066,29.29504013,32.63957977,36.25392914,38.41675949,40.7106781,52.68687057,61.41270065,,,63.03208923,62.01811981,63.40769958,66.73922729,,58.72220993,58.51585007,58.13877106,59.00667953,63.6416893,65.18256378,67.56204987,70.14888763,73.64463806,,79.33756256,,
Malaysia,MYS,,,,,80.55180359,,,,,,92.22380066,89.76139832,90.48207855,94.99208832,95.01637268,93.88804626,,92.48954773,92.54440308,89.94464874,87.86340332,89.16281128,,92.14047241,,,,,97.10430908,94.98343658,100.5677414,,92.22048187,92.53952026,96.91293335,102.9400787,100.4245834,99.40979767,101.3805084,102.6902618,100.0844727,101.8862991,108.0018234,103.3533173,102.416748,,
North America,NAC,,,,,,,,,,,,,,,,,,,,,,,,,,,,,,,,,,,,,,,,,,,,,,,
Namibia,NAM,,,,,,,,,,,,,,,,,,,,,,,74.06891632,,72.00113678,69.37841034,77.54978943,,95.90991974,94.54450226,91.17739105,93.77185822,92.41815186,92.81987762,85.30725861,85.29781342,82.34954071,,78.73635101,84.22733307,81.08927917,,85.39533234,86.4988327,,,
New Caledonia,NCL,,,,,,,,,,,,,,,,,,,,,,,,,,,,,,,,,,,,,,,,,,,,,,,
Niger,NER,,5.311540127,6.45141983,6.533140182,6.458869934,6.831200123,7.484069824,8.433609962,10.3767004,10.88479042,14.09477043,15.08697033,17.38964081,18.69651985,20.24430084,19.78219986,21.76259041,22.88517952,,15.02764034,16.45099068,17.48518944,18.46187973,16.54258919,,14.06659031,14.55842972,18.72709084,19.61507034,20.09248924,18.8780098,19.76486969,21.45844078,20.80122948,27.01376915,29.76579094,32.54092026,39.47560883,38.04943085,40.26895142,40.08943939,44.59761047,48.28990173,48.46895981,58.61994934,,
Nigeria,NGA,,,,,,,,,,,,,,,,,,,,,,,,,,,,,,,,,,,79.53125,82.63015747,90.56854248,80.49143219,69.37526703,73.32350922,76.0451889,,,,,,
Nicaragua,NIC,25.33848,28.93704033,29.44688034,32.08945847,30.31723022,,,35.22082901,34.8177681,30.79257011,34.5296402,,31.35474968,30.91876984,29.32966042,31.45046997,38.5304184,47.65681076,48.34703827,42.04790878,39.55976868,42.64200974,44.89751816,49.23765182,54.56631851,50.10791016,,,,66.80136871,65.69252777,67.06658173,75.32846832,75.48388672,76.94641876,81.0308075,80.90765381,81.4262619,80.59436798,,85.36607361,,,,,,
Netherlands,NLD,,98.05345917,96.11595917,96.01271057,94.99481964,94.76396942,94.70797729,93.14698792,91.45639801,90.39344788,90.72914124,95.45654297,97.91838074,97.77268219,96.50787354,92.59131622,,,,,,,,,,,,,,99.20778656,97.81890869,98.36972046,101.1998062,,,,,,,,,,,,,,
Norway,NOR,,99.04367065,99.38790131,97.62185669,97.98664093,99.50769043,99.92411804,101.5842514,101.7780914,100.9261169,98.86682892,99.73693848,100.6659012,,100.3639374,99.87294006,97.41745758,98.18520355,96.36911011,95.10848236,95.22384644,100.0019073,101.2774506,100.0408173,,,,,97.71212769,97.67382813,97.98867035,101.6353683,102.8046112,103.6000824,102.7072983,100.1510391,97.6427002,98.06497192,99.47118378,101.5444565,99.50447083,97.65666962,99.74675751,101.1343307,98.45600891,,
Nepal,NPL,,,,,,,,,,,,,,,,,,,46.89358902,,,52.41764069,57.56483841,,,,,,,64.46560669,67.22756195,67.01286316,72.13831329,73.10471344,73.330513,76.8122406,77.76834869,,79.19837952,,,,102.2547226,101.9977112,104.0725174,105.7155914,
Nauru,NRU,,,,,,,,,,,,,,,,,,,,,,,,,,,,,,,,86.97318268,,,,,,97.27272797,,,,,94.8837204,,112.4423981,,
New Zealand,NZL,101.9486389,103.8037567,105.5594025,104.4892578,101.5569687,99.55912018,99.02375031,100.583847,101.7487183,103.649231,,,,,,,,,,,,,,,,,,,,,,,,,,,,,,,,,,,,,
OECD members,OED,91.47021,91.51375,91.25704,91.38564,91.52608,92.02429,92.20072,93.14157,92.81877,92.35262,93.73842,94.08092,93.19218,93.2951,94.42356,94.40514,95.1185,95.01699,95.91194,94.47036,94.57432,94.45425,95.70397,95.77937,95.66534,95.81265,96.20432,96.20784,96.31107,96.68102,97.03204,97.76447,97.33548,97.63737,97.69414,97.37499,97.0155,97.73608,97.57118,97.12752,97.44845,97.59645,98.50249,99.11436,,,
Oman,OMN,,,,,1.522029996,4.235459805,7.621150017,16.82234955,18.28862953,23.83976936,,,,36.40608978,42.6602211,41.83815002,45.4631691,48.02098083,54.7432518,61.89120102,65.04199982,,73.8814621,,71.71884918,74.2092514,76.85375977,79.55962372,82.01004791,84.41921234,83.45909119,84.95343018,88.18630981,89.68817139,,,,,,97.32222748,,101.9624176,105.3214417,99.41571808,108.8127899,,
Other small states,OSS,50.50617,51.2832,52.52374,53.61512,55.80186,56.44544,55.5912,54.21322,55.81948,57.47852,58.08607,60.65632,61.15658,59.79654,58.86864,61.07547,63.55754,61.10689,61.42616,58.90312,62.90437,62.90146,63.19321,62.34781,63.65823,64.33501,65.55904,66.80891,69.82166,70.79832,71.26572,72.60166,73.52931,74.09145,74.13325,73.04431,75.45724,75.77217,76.86777,76.71574,77.34682,77.8811,78.94034,78.76595,,,
Pakistan,PAK,,,,,,,,,,,,,,,,,,,,,,,,,,,,,,,,,,,,64.51950836,63.79024887,64.04724121,64.1384964,65.23368835,69.40708923,68.16242981,72.42565155,73.17475128,73.72827148,,
Panama,PAN,64.36025238,68.60134125,72.64987946,78.46360016,81.14235687,84.73023987,97.88742828,94.32608795,91.61192322,90.38298798,85.84358978,83.76526642,81.96024323,83.08289337,79.16108704,80.63292694,80.77490997,81.15077209,79.51567841,80.84269714,,,,,,,,,,89.74533081,92.08708191,92.56667328,93.14514923,,94.05561066,93.43463135,90.52825928,94.49690247,97.39494324,97.35318756,94.00624084,99.42159271,102.2465286,101.9718094,,,
Peru,PER,63.81954956,,,64.77784729,67.90077209,69.20543671,75.13381958,81.51116943,80.32277679,80.3409729,79.10540771,78.14256287,,,,83.24868774,,,,,,,,87.30766296,,88.91474152,,,97.70379639,102.6464996,101.2711716,96.85006714,96.78173065,102.0753174,102.3325577,102.6004181,103.6096573,105.8739014,104.8812027,101.931839,103.3559265,99.77301788,94.00991821,95.14898682,95.90558624,,
Philippines,PHL,,,,,,,,,,,,85.78674316,,90.04891968,90.78701019,89.17302704,86.95142365,86.25128937,85.63230896,87.13407898,89.23619843,,,,,,,,84.64367676,86.41542053,,100.3502121,94.38565826,94.93005371,93.63706207,93.47898102,91.10752106,90.9888916,92.04154968,91.98262024,,,,100.970108,,,
Palau,PLW,,,,,,,,,,,,,,,,,,,,,,,,,,,,,,,,,,,104.4502563,,,,,,,,,108.3682022,95.5102005,,
Papua New Guinea,PNG,,,,,,,,,,,,,,,,,,42.4439888,45.47859955,45.89884949,45.13269043,43.3368988,44.05955887,,50.06631088,50.02445984,51.47597885,49.92856979,51.26314163,,55.12297058,55.66640091,56.62170029,58.09560013,,,,,,,,,78.61135864,,,,
Poland,POL,,92.29409027,91.00980377,90.19898224,93.35861969,95.07273865,98.57701111,98.77768707,97.3526535,96.19889832,95.88889313,94.51728821,94.31276703,95.26804352,94.45783234,96.88661957,98.63854218,100.0012131,100.9183884,101.3163071,97.78270721,95.71121979,96.60138702,98.54400635,94.87043762,94.27586365,96.9706192,98.0177536,96.2154007,95.28578186,94.16562653,95.80917358,95.89968872,97.38780975,98.11112213,95.38378906,94.71852875,94.67597198,,94.65429688,95.45117188,95.71922302,,98.13291168,,,
Pre-demographic dividend,PRE,,,,,,,,,,,,,,,,,,,,,,,,,,,,,,,,,,,,,,,,,,,,,,,
Puerto Rico,PRI,,,,,,,,,,,,,,,,,,,,,,,,,,,,,,,,,,,,,,,,,,,,,,,
"Korea, Dem. Peoples Rep.",PRK,,,,,,,,,,,,,,,,,,,,,,,,,,,,,,,,,,,,,,,,97.42875671,,,,,,,
Portugal,PRT,,,56.09169006,59.73852921,65.82775116,72.2129364,66.44789886,,,,,,,,,,,,,,,,,,,,,,,,,,,,,,,,,,,,,,,,
Paraguay,PRY,43.73427963,45.64324188,45.73725891,47.52561951,48.62953949,48.86442184,50.00065994,51.51377869,52.19972992,,54.44900894,57.47164154,59.96004105,62.59481812,64.36257172,66.22836304,64.71578217,64.92952728,64.36592865,64.1745224,65.36740875,68.9799118,72.85066223,76.43502808,76.55666351,78.4196701,82.51650238,,92.52697754,89.36187744,92.22490692,92.28782654,93.97618103,96.44207764,95.15731812,95.43833923,94.15914917,94.66295624,94.27224731,93.82089233,92.42269897,89.68495941,89.08699799,,,,
Pacific island small states,PSS,,84.31815,84.25433,86.88141,86.29092,88.23611,90.73791,91.30638,94.69347,92.56545,92.04016,93.78741,90.62331,89.61214,86.83763,85.87467,87.1887,87.87823,89.14749,90.65855,91.63033,93.384,93.91836,93.59637,93.22092,93.57437,94.15313,95.91203,96.06576,93.89626,91.87194,95.29002,96.94617,97.82253,98.53078,99.6373,99.56231,99.49253,97.43797,97.16773,96.90086,96.772,96.87688,97.91711,,,
Post-demographic dividend,PST,,,,,,,,,,,,,,,,,,,,,,,,,,,,,,,,,,,,,,,,,,,,,,,
French Polynesia,PYF,,,,,,,,,,,,,,,,,,,,,,,,,,,,,,,,,,,,,,,,,,,,,,,
Qatar,QAT,,61.48073959,64.46498871,65.0602417,62.80741882,67.91561127,75.04387665,74.19249725,89.8125,88.36363983,86.6027298,81.71195984,89.64894104,,85.94448853,84.52924347,80.49680328,69.1384201,74.18093109,73.73194122,72.91301727,73.47944641,67.33010101,67.37110138,68.46611786,64.31873322,55.63671875,,91.01225281,92.2321701,,,,104.8840637,,99.27316284,91.24111938,99.45417023,99.05950928,95.28431702,,94.1280899,,,,,
Romania,ROU,,,,,,,,,,,,,,,,,,,,,90.23769379,,,78.48474121,,86.11788177,87.78399658,93.0240097,,94.6020813,95.73374939,94.43830872,90.52275848,94.80548096,99.3625412,103.0818405,99.1728363,,92.2628479,93.31932831,94.4884491,97.11257172,94.2592392,,,,
Russian Federation,RUS,,,,,,,,,,,,,,,,,,,,,,,,,94.03237152,92.08612061,,,,90.24059296,90.43253326,92.27690125,,,,,,90.71842194,93.29891205,98.28037262,,96.9068222,97.96569824,100.5155716,100.4028015,,
Rwanda,RWA,,21.1426506,22.96910095,25.49901009,26.71138,28.45409966,,30.42461014,27.9520092,,37.67612076,48.67353821,47.82395172,46.07231903,47.02729034,48.02011871,44.30858994,43.49782181,43.93238831,44.08572006,43.13113022,43.49956131,46.59917068,,,,,,,28.86938095,22.55641937,23.88622093,29.84845924,40.45529175,40.92490005,,,,51.78984833,68.42778778,69.54746246,,68.6344986,66.56497955,,,
South Asia,SAS,41.84733,42.00774,42.71381,43.20219,43.68656,44.89485,45.67242,46.00412,47.29482,48.60902,49.93715,51.26057,52.62044,54.06548,55.5463,57.05219,58.54089,60.09889,61.20698,62.56996,63.80762,65.02878,66.25658,67.39643,68.56673,69.74548,69.17973,68.62495,68.08261,67.58728,69.91505,70.68436,73.5658,77.06102,79.59815,82.18169,84.30231,86.53526,88.68462,90.57473,90.51319,90.32584,91.07758,,,,
Saudi Arabia,SAU,,,,,,,,,,39.6747818,,,,,,,,,,,,,,,,,,,,,,,,,,86.56255341,,91.15567017,93.14539337,,,93.49703217,98.37590027,101.3904877,110.8983307,,
Sudan,SDN,,,,,,,,,,,,,,,,,,,,,,,,,,,,,,,,,,,,,,,,,59.74345016,,56.23371124,56.80924988,,,
Senegal,SEN,,26.70681953,26.81352043,26.97293091,,,,,31.31296921,32.87902069,30.70616913,32.22164917,32.4637413,33.61886978,34.39854813,34.41938019,37.07152939,,41.86156082,42.58058167,41.90472031,,39.20362854,,38.69279099,,40.46886826,40.64440918,42.77539825,42.19332123,38.61137009,42.87958145,45.42123032,45.56327057,46.55744934,51.34814072,48.4113884,49.85184097,56.73031998,57.21379852,56.4770813,59.62097168,58.59283829,,58.9966507,,
Singapore,SGP,,,,,,,,,,,,,,,,,,,,,,,,,,,,,,,,,,,,,,,,,,,,,,,
Solomon Islands,SLB,,,,,,44.09751892,,,,,67.39414215,62.0021019,55.35251999,52.85326004,48.84806061,,52.65003967,,,,60.08055115,71.64060211,68.84042358,70.11969757,72.4732132,,,,,,,,,,,,,,,,85.13832855,85.82978058,85.38699341,86.2568512,87.2719574,,
Sierra Leone,SLE,,,,,,,,,25.96409035,,,,29.49982071,29.25852966,,,,,,,,,,,,,,,,,,,,,,,,,,,,75.02290344,70.87315369,69.51319122,,,
El Salvador,SLV,,40.53445053,44.25746918,49.81278992,51.25183105,51.06818008,50.35985947,51.66749954,,,,46.45079041,49.3827095,50.6135788,48.6973114,,,61.98265839,65.72280121,63.61275101,,66.81403351,68.20931244,70.95681,,72.95791626,77.99797058,,81.51370239,,91.10501099,90.30783844,89.63379669,89.57891083,,91.9570694,92.3642807,97.29842377,99.28109741,102.6757813,105.430397,109.1046219,108.7987289,106.8399887,104.6170197,,
San Marino,SMR,,,,,,,,,,,,,,,,,,,,,,,,,,,,,,,,,,,,,,,,91.61676788,101.2383881,93.49845123,95.31680298,,,,
Somalia,SOM,,,,,,,,,,,,,,,,,,,,,,,,,,,,,,,,,,,,,,,,,,,,,,,
Serbia,SRB,,,,,,,,,,,,,,,,,,,,,,,,,,,,,,,,,,,,,,100.5197906,104.3832016,96.41523743,96.44892883,104.1276474,98.01016235,98.90995789,101.9012604,,
Sub-Saharan Africa (excluding high income),SSA,,46.35128,46.85586,47.35933,47.8831,48.82903,49.55226,50.81816,52.23584,53.83085,54.40034,55.48336,56.32919,56.6848,58.55339,56.20002,55.99445,55.33259,54.54995,53.42693,54.03812,54.53338,54.10555,54.82883,53.977,53.94621,54.30012,54.31084,53.91368,54.23997,54.57386,56.25814,57.60743,58.79627,60.02562,62.25859,65.04783,64.85371,65.39114,67.4491,68.06219,68.693,69.24784,69.12936,,,
South Sudan,SSD,,,,,,,,,,,,,,,,,,,,,,,,,,,,,,,,,,,,,,,,,,36.73426056,,,,,
Sub-Saharan Africa,SSF,,46.35705,46.86114,47.36411,47.88736,48.83246,49.55509,50.81991,52.23648,53.8303,54.3994,55.48169,56.32707,56.68258,58.5502,56.19832,55.99299,55.33152,54.54928,53.42677,54.03769,54.53268,54.10501,54.82786,53.97647,53.9451,54.29811,54.30806,53.91063,54.23586,54.56864,56.24911,57.59492,58.78038,60.01221,62.24692,65.0338,64.83984,65.37667,67.43577,68.05091,68.68089,69.23756,69.11923,,,
Small states,SST,,,,69.89662,70.8801,71.18674,70.62191,70.59745,71.59318,72.75158,72.16071,74.09517,74.32077,72.91704,71.78961,72.03527,73.6338,72.4074,72.85216,71.72442,74.42136,74.21684,74.21274,73.23825,73.50359,73.36973,73.97433,74.97656,77.3096,78.07329,77.8708,77.83343,79.02509,79.42043,80.06181,79.5609,81.39122,81.31796,81.91998,81.91587,81.9739,82.39825,83.00278,82.82484,,,
Sao Tome and Principe,STP,,,,,,,,51.98257065,,,58.24969864,87.09806824,112.7200012,114.2124023,111.7986221,100.8692474,,53.86518097,67.02467346,,73.91423798,,,,,,,,,47.95687103,,,55.28060913,56.22552872,71.44371033,75.67858124,,73.13509369,75.68647003,83.6129303,83.71488953,110.83181,,99.46546936,90.37267303,92.43460846,
Suriname,SUR,,,,,,,73.16603851,82.70497894,75.86978149,79.91342926,,81.93109131,89.06668854,94.76992035,93.04508972,89.69026184,,85.8916626,83.75518799,90.02468109,,,,,,,,,,,,,,,,80.11480713,91.75946808,77.56160736,88.68023682,89.03756714,,91.99397278,,89.85581207,93.720047,,
Slovak Republic,SVK,,,,,,,,,,,,,,,,,,,,,,,96.3012619,96.40361786,98.52510071,98.6124115,97.13427734,96.10919189,98.46360779,97.99600983,96.71822357,100.5985489,97.96192932,98.85133362,97.38115692,93.09934235,93.60431671,95.4798584,97.98194122,99.87477875,99.95098877,97.14000702,94.32701111,95.87950134,97.72250366,,
Slovenia,SVN,,,,,,,,,,,,,,,,,,,,,,,,93.08097839,92.39849091,93.84632111,93.49372101,94.95968628,99.23429871,99.34069061,96.2902298,96.45020294,96.60977936,101.714859,113.6872177,,,,96.38687897,95.49008942,96.69760132,95.66023254,100.904129,98.25623322,99.15605164,,
Sweden,SWE,,94.68907928,94.3184967,90.90103149,91.3302002,92.83630371,96.82846069,104.0830612,104.3982315,104.8866882,103.2353897,96.51596069,92.03282928,93.47807312,98.08482361,,,100.6596527,98.31223297,96.25482178,96.52424622,96.33286285,100.5500717,106.1326599,104.3197479,,,,,100.4402313,99.59207153,102.3059464,102.6330872,106.5384216,104.1472473,100.2057571,95.67828369,95.09803009,94.28180695,93.22525024,96.77275848,101.5184937,102.7862625,102.4982529,101.0283813,,
Swaziland,SWZ,42.33818054,40.5981102,41.59328842,49.58504868,54.36711884,56.52859879,57.61907959,57.32231903,56.16233063,55.40460968,55.53305817,58.5567894,59.79994965,61.83034134,61.6545105,62.19623184,63.42461014,62.68515015,64.89990234,62.1198082,62.81803894,60.78226852,60.53456116,60.7674408,61.81882095,63.38248062,60.90864182,61.59141159,63.0901413,59.90827942,60.86138153,58.38874054,61.49562836,59.68727875,62.41696167,65.58122253,66.335289,73.30181122,,72.18457031,76.67672729,76.83210754,77.49864197,79.00785065,,,
Sint Maarten (Dutch part),SXM,,,,,,,,,,,,,,,,,,,,,,,,,,,,,,,,,,,,,,,,,,,,,,,
Seychelles,SYC,84.28874969,95.09329987,103.8926163,,99.3738327,98.58548737,102.7060318,97.97917938,102.6108093,,97.90920258,91.97828674,93.44660187,102.3780518,96.07843018,94.5510788,111.1595993,102.2967072,88.31803894,90.55589294,,101.5393677,97.71772003,97.20024109,95.74861145,,,101.6149063,98.31984711,100,98.8139801,105.72155,106.2621002,107.1942368,103.7848587,115.0273209,,,,,,,,,112.1024017,,
Syrian Arab Republic,SYR,,55.13756943,59.03477859,59.30020905,63.77046967,67.85578918,72.00567627,75.47947693,77.83545685,74.90138245,73.30908203,74.74005127,79.19181824,81.18955231,82.48838043,85.06507874,86.80883789,87.18148041,87.08985901,89.90583038,90.11190033,91.68099213,96.08136749,88.24365234,90.41957855,89.84481049,91.61488342,91.55497742,91.49492645,92.09629822,91.58766174,93.0626297,95.30239105,106.4369507,107.8591919,109.4348907,109.5046692,107.0385208,105.6343613,105.210083,106.3266068,110.9505692,113.4615479,68.92108917,,,
Turks and Caicos Islands,TCA,,,,,,,,,,,,,,,,,,,,,,,,,,,,,,,,,,,,,,,,,,,,,,,
Chad,TCD,,15.27097034,,,12.96442986,,11.77937031,11.11201,,,,,,,,,,,11.65594006,12.99668026,16.59472084,18.20914078,,,18.1679306,14.32573986,14.92527962,15.52978992,,20.10333061,22.2100296,24.46137047,27.2125206,32.04558945,33.58060074,30.16638947,29.67498016,,,31.19585037,30.98122978,34.12340927,34.69512939,38.05709076,,,
East Asia & Pacific (IDA & IBRD countries),TEA,,,,,,,,,,,,,,,,,,,98.52121,98.28277,98.71432,98.18745,94.46715,94.95584,95.72808,92.07127,88.59991,87.59834,88.39306,89.33778,90.39353,91.6623,92.15504,93.16304,93.81966,94.301,96.271,98.93642,101.74274,104.64205,105.07126,104.73505,105.62462,105.5583,,,
Europe & Central Asia (IDA & IBRD countries),TEC,,,,,,,,,,,,,,94.39127,94.41034,94.96685,95.6153,95.57138,97.65228,95.51936,95.6296,95.79353,95.86346,95.40397,94.98592,94.00242,93.63364,93.90893,93.56815,93.18363,93.19424,95.58044,96.62064,96.19512,97.39797,99.05794,97.04402,95.74477,96.21355,97.23579,97.70838,98.74958,98.02991,99.48643,,,
Togo,TGO,,25.26214027,30.57793045,,,,42.74071121,,52.31364059,51.79573822,53.39868164,50.06322861,47.70579147,46.68360138,40.2930603,33.935009,33.7061882,32.35710144,37.59206009,30.38380051,36.37850189,36.38425064,37.10602188,,28.38446999,40.31557846,46.85950089,,,56.45698929,65.436203,72.13455963,,72.44457245,74.17597198,73.45922852,73.28015137,,66.23349762,65.70179749,70.46994019,72.33603668,75.71475983,79.08863068,85.10816956,,
Thailand,THA,,,,,,37.5417099,39.59862137,39.91579056,40.96192169,,,71.37499237,,,,,,,,,,,,,,,,,,88.51579285,84.92176819,86.9087677,,,,,,,,,,,,,93.55020905,,
Tajikistan,TJK,,,,,,,,,,,,,,,,,,,,,,,,,,98.85057831,,73.83071899,,90.79235077,91.33840179,95.64369965,96.75730133,94.88855743,91.70604706,101.0533676,104.3167801,92.45282745,94.65119171,97.77948761,100.9378891,102.1001892,96.69567108,,97.19026184,99.5581131,
Turkmenistan,TKM,,,,,,,,,,,,,,,,,,,,,,,,,,,,,,,,,,,,,,,,,,,,,,,
Latin America & the Caribbean (IDA & IBRD countries),TLA,77.92906,78.65256,79.22378,79.94138,80.07817,80.4159,81.17976,82.74867,82.79096,83.82661,84.82015,85.67947,86.55618,87.52992,88.5542,88.19093,89.20006,89.52852,89.5514,89.46636,89.49865,89.76777,91.10636,91.83046,92.15428,92.61714,93.05817,93.61438,94.60052,95.21746,95.61616,95.20401,96.26531,96.33489,96.77254,97.37695,98.35563,99.116,98.99161,98.83467,98.87243,99.22299,100.47966,101.10901,,,
Middle East & North Africa (IDA & IBRD countries),TMN,47.69251,47.70048,47.77576,49.86121,51.91339,55.38263,57.36552,60.10186,59.88616,55.97973,59.56463,63.40628,64.6052,66.28021,69.13207,73.95636,72.94348,72.76887,73.35178,73.84499,75.92896,76.83572,78.44386,79.92767,80.01971,81.95215,82.47955,82.97437,83.4502,83.88588,83.04542,85.04691,85.82968,87.34015,91.6358,92.90534,88.98866,89.78803,92.03851,90.52746,92.45277,92.75401,94.8969,92.87386,,,
Timor-Leste,TLS,,,,,,,,,,,,,,,,,,,,,,,,,,,,,,,,,,,,,,,83.23532104,75.99806976,80.18850708,84.02471924,88.71691895,94.10643005,98.41300964,,
Tonga,TON,,,,,,,,81.95298004,92.83167267,111.500351,,129.578537,117.7671127,,116.8461914,96.0307312,101.8292694,,,,127.8249817,97.0515976,,111.076683,,,,,107.9330063,107.5405502,,106.7662888,,,,109.2382507,104.1446609,,,,,,100.5175171,110.9362717,,,
South Asia (IDA & IBRD),TSA,41.84733,42.00774,42.71381,43.20219,43.68656,44.89485,45.67242,46.00412,47.29482,48.60902,49.93715,51.26057,52.62044,54.06548,55.5463,57.05219,58.54089,60.09889,61.20698,62.56996,63.80762,65.02878,66.25658,67.39643,68.56673,69.74548,69.17973,68.62495,68.08261,67.58728,69.91505,70.68436,73.5658,77.06102,79.59815,82.18169,84.30231,86.53526,88.68462,90.57473,90.51319,90.32584,91.07758,,,,
Sub-Saharan Africa (IDA & IBRD countries),TSS,,46.35705,46.86114,47.36411,47.88736,48.83246,49.55509,50.81991,52.23648,53.8303,54.3994,55.48169,56.32707,56.68258,58.5502,56.19832,55.99299,55.33152,54.54928,53.42677,54.03769,54.53268,54.10501,54.82786,53.97647,53.9451,54.29811,54.30806,53.91063,54.23586,54.56864,56.24911,57.59492,58.78038,60.01221,62.24692,65.0338,64.83984,65.37667,67.43577,68.05091,68.68089,69.23756,69.11923,,,
Trinidad and Tobago,TTO,,,,,,,,,,,,,112.8023834,,,95.0865097,,,96.63800049,,,99.78948212,99.21733093,97.29286194,,,87.81257629,89.81944275,,100.1140671,93.34687042,86.6746521,,89.32366943,95.02864838,91.92585754,,95.74221039,93.41163635,95.71130371,94.88748169,,,,,,
Tunisia,TUN,,56.9503212,53.9640007,60.04032898,60.7684288,66.47550964,65.0621109,67.48576355,70.93395233,59.51885986,61.47087097,81.66934204,62.95149994,63.52428055,67.15525818,67.72530365,70.77039337,72.11109924,71.78642273,76.48413086,81.25179291,75.11377716,69.64486694,73.97659302,80.39801025,90.13957214,87.22579956,89.44354248,,87.712883,86.83071136,88.07810974,93.4296875,97.2438736,100.7010193,103.5101166,,102.842392,92.38053894,88.82610321,99.07450104,,,96.85848999,99.72470093,,
Turkey,TUR,,,,,,,,,,,,,,,88.30690765,90.14125824,95.06250763,94.44007111,106.6312485,92.34793091,93.10714722,95.21266174,100.8999481,94.45217896,94.48036194,92.63149261,,,,,,,,,97.79585266,102.3471909,98.7841568,97.36203003,98.8181076,98.97843933,99.24462128,101.4596405,99.84850311,,,,
Tuvalu,TUV,,,,,,,,,,,,,,,,,,,,,,,,,,,,,,,,101.6877594,92,96.08695984,100,106.3025208,99.17012024,,,,,,,,93.24324036,,
Tanzania,TZA,,19.91960907,24.65376091,27.91526031,31.54384041,35.33274841,38.87979889,,,,,76.73590088,87.4349823,93.51215363,122.3179703,79.48330688,71.04692078,68.3442688,62.5581398,47.45598984,,62.54977036,55.22032166,58.1251297,55.77898026,,,58.54636002,48.6137085,57.56856155,49.74570847,55.24290085,59.38879013,,57.94305038,54.63972092,71.40779114,81.63098145,,100.6104507,87.63185883,,78.62380219,73.66584015,,,
Uganda,UGA,,,,,,40.21636963,40.32181168,,,42.11933136,,,42.6490097,,,,38.22901917,,,,,,,,,,,,,,,60.6893692,62.7672081,62.41252136,58.68672943,57.3345108,,53.32408905,58.07849121,58.13143158,56.74568176,54.49193954,,55.6092186,,,
Ukraine,UKR,,103.2275467,98.83946228,98.80316162,96.79044342,,98.25965881,99.24504852,100.3202972,100.1691666,101.8210526,,100.744133,96.34308624,96.27397919,95.57910919,,,94.38387299,,100.240509,102.0600433,93.63751221,97.57334137,95.30204773,,,,105.2130737,102.9485168,98.43562317,100.8311462,101.6422424,,,116.8923111,104.0030975,100.0065002,97.38990784,95.00074768,98.21645355,100.655571,103.7331238,111.5547485,110.4454498,,
Upper middle income,UMC,,,,,,,,,,,,,,,,,,,97.60574,96.81656,97.36081,97.45811,95.10933,95.27626,95.683,93.00683,90.40522,89.78588,90.41636,90.78001,91.19685,92.16985,93.25829,93.86982,95.27425,96.20892,97.38158,99.14397,101.62167,103.34226,103.31592,,,,,,
Uruguay,URY,66.35449982,69.53029633,68.88049316,71.49137878,68.10887909,,69.34992218,70.24162292,69.23061371,70.49479675,72.64846802,,,,,87.00272369,88.00466919,91.76648712,92.1032486,92.85688782,94.47891998,94.86273193,92.73940277,94.48518372,94.78092194,94.35312653,94.39935303,95.79696655,95.85801697,96.24295044,97.30822754,95.36992645,94.86741638,91.76174164,92.18470764,95.35318756,99.53601074,104.1328201,106.4365616,105.8748016,104.3387375,,,103.0989914,,,
United States,USA,,,,,,,,,,,,,,,,,,,,,,,,,,,,,,,,,,,,,,,,,,,,,,,
Uzbekistan,UZB,,,,,,,,,,,,,,,,,,,,,,,,,,97.69497681,,,,94.13173676,94.4066925,101.2665634,104.7292023,100.6993408,100.2940521,102.7404022,104.2914429,101.876442,100.0598984,96.48013306,95.58244324,95.67759705,,,,,
St. Vincent and the Grenadines,VCT,,,,,,,,,,,,,,,,,,,,,,,,,,,,,,,,,,93.02532196,102.1524734,,,,109.3720703,,94.1120224,87.68328094,98.9883728,107.5481491,100.5336227,,
"Venezuela, RB",VEN,,60.95376968,62.81875992,64.60523224,64.57247925,65.26931,63.97154999,64.2370224,65.09076691,65.36000824,69.05576324,71.68711853,75.92523193,76.80497742,76.47534943,78.39891052,79.59853363,79.19972229,79.08757019,79.22633362,78.95549011,81.47566986,84.99980927,84.14222717,,,80.3300705,80.12535858,,80.29347992,81.92592621,83.28340912,89.92281342,87.81729126,87.9491806,89.75119019,93.64343262,95.73082733,93.57685089,93.65209961,92.52150726,93.91329193,95.27823639,95.31893921,96.2423172,,
British Virgin Islands,VGB,,,,,,,,,,,,,,,,,,,,,,,,,,,,,,,,,99.74160004,90.60913849,97.01493073,90.79902649,89.64705658,75.91742706,,69.93602753,,78.41880035,84.04254913,88.32272339,77.52101135,,
Virgin Islands (U.S.),VIR,,,,,,,,,,,,,,,,,,,,,,,,,,,,,,,,,,,,,,,,,,,,,,,
Vietnam,VNM,,,,,,,,,,81.45137787,,,,,,,,,,,,,,,,,,,,98.99001312,99.01954651,104.4315872,101.477951,100.2454681,,93.22595215,96.92218018,,,,,102.6580734,101.9741211,99.23996735,106.2114716,,
Vanuatu,VUT,,,,,,,,,,,,,,,,,,,,,,,83.69722748,,74.97181702,,,,94.27632141,,92.11485291,106.0159912,,,90.83924103,,,83.5632019,81.00733185,84.36834717,83.6258316,,,93.77026367,,,
West Bank and Gaza,PSE,,,,,,,,,,,,,,,,,,,,,,,,,,87.43843842,87.0079422,86.19116211,,94.2231369,94.13777161,95.7069931,92.84577179,97.38198853,90.41487885,92.97509003,,86.14942932,87.7791214,89.68778992,94.5109787,90.89479828,90.67420197,93.60653687,96.87391663,,
World,WLD,74.14632,74.19719,74.45807,74.99882,75.22706,75.80711,76.23994,76.93427,77.37737,77.76889,78.73288,79.50805,79.8894,80.43379,81.46621,81.83641,81.91206,81.64396,81.51239,81.08939,81.42642,81.58564,80.97314,81.62918,81.9652,81.26026,80.23109,79.92943,80.10978,80.39422,81.33233,82.30966,83.29897,84.53662,85.67645,86.77318,87.89432,89.13907,90.45715,91.76791,91.92315,91.825,92.42086,92.30936,,,
Samoa,WSM,,,,,,,,,,,,,,,,,,,,,,,,,95.06458282,94.25444794,92.96910858,98.95713043,97.57282257,95.12194824,94.02619934,92.20979309,96.75534821,100.1495438,98.33582306,105.6754379,105.6587296,110.400177,,104.6429367,106.4866104,104.1685104,102.4120407,,100.4744415,,
"Yemen, Rep.",YEM,,,,,,,,,,,,,,,,,,,,,,,,,,,,,,54.8926506,,57.92874146,57.02140045,60.05102158,59.08620071,58.83399963,,,62.43151855,,64.54650116,,69.18492889,69.16758728,,,
South Africa,ZAF,,,,,,,,,,,,,,,,,,,,,,75.90461731,,,,,,,90.6526413,85.30133057,85.81018829,,89.12532806,92.03489685,95.80529022,,,,,,,,,,,,
"Congo, Dem. Rep.",COD,,41.38805008,43.55175018,,,,53.83871078,56.76694107,60.3250618,,59.91524124,62.08631897,64.5806427,66.98416138,69.28634644,,,,50.52222061,,,52.2804985,48.43362045,55.66862869,46.8119812,,,,,33.75413132,,,41.00080109,,,,,52.93445969,57.75230026,60.25146866,60.78480148,62.64965057,67.75869751,66.76748657,,,
Zambia,ZMB,,,69.4371109,71.32539368,75.24212646,76.96819305,77.21630096,78.8272934,82.83827972,81.20027924,81.03305817,81.36363983,83.39615631,85.83978271,91.31385803,,89.85530853,,,,,,,,,,,,62.90895844,60.21031189,57.38634109,,56.93341827,,68.12608337,79.40032196,81.19483948,85.49101257,89.94818115,84.64289856,97.80371094,,88.7410202,81.00904846,,,
Zimbabwe,ZWE,,,,,,,,,,,,,,,84.60312653,,,,,,,,,,,,,,,90.2815094,,89.68675232,83.68247986,82.13807678,,,,,,,,,89.22541809,90.24906158,,,