Country Name,Country Code,Indicator Name,Indicator Code,1989,1990,1991,1992,1993,1994,1995,1996,1997,1998,1999,2000,2001,2002,2003,2004,2005,2006,2007,2008,2009,2010,2011,2012,2013,2014
Aruba,ABW,GDP per capita (current US$),NY.GDP.PCAP.CD,,,,,,17342.47194,16441.38126,16586.1923,17927.41203,19081.57029,19356.42087,20619.56585,20671.54574,20433.65411,20834.93971,22566.68216,23302.83199,24015.42061,25921.53823,27549.88942,24640.42124,24289.14152,25353.78754,,,
Andorra,AND,GDP per capita (current US$),NY.GDP.PCAP.CD,15166.91384,18876.72935,19530.8435,20541.7739,16508.87522,16226.97108,18460.00743,19038.79883,18405.3201,18969.97799,19323.89255,21432.96007,21897.66294,24175.37275,31742.99258,37235.45003,39990.33041,42417.22915,47253.5298,46735.99957,42701.44714,39639.38602,41630.05258,39666.36921,42806.52245,
Afghanistan,AFG,GDP per capita (current US$),NY.GDP.PCAP.CD,,,,,,,,,,,,,119.8990371,192.1535283,203.6510409,224.9147122,257.1757947,280.2456441,380.4009552,384.1316813,458.9557816,569.9407288,622.3796544,690.842629,653.3474881,633.9478643
Angola,AGO,GDP per capita (current US$),NY.GDP.PCAP.CD,926.6006266,901.1076018,1265.627309,872.767664,825.6981351,823.8855437,380.8719231,560.6755166,554.2522329,454.2965495,421.3767773,606.2722922,574.1941611,775.7655185,850.0756941,1135.604564,1576.162801,2253.83885,3151.022431,4242.363062,3678.947654,3886.479354,4744.987629,5086.848426,5327.148892,5232.690501
Albania,ALB,GDP per capita (current US$),NY.GDP.PCAP.CD,723.4096102,639.4638993,348.7113178,218.4921659,380.5273711,619.0651634,760.5593758,1046.358511,749.584649,865.3021618,1098.425463,1175.788981,1326.970339,1453.642777,1890.681557,2416.588235,2709.142931,3005.012903,3603.013685,4370.539647,4114.136545,4094.358832,4437.811999,4247.839852,4412.345578,4588.64944
Arab World,ARB,GDP per capita (current US$),NY.GDP.PCAP.CD,1503.805273,2008.029448,1923.468913,2023.838335,1993.437094,1987.282182,2070.01971,2233.963163,2317.980393,2188.7491,2334.397881,2608.885949,2513.648254,2481.211638,2742.017174,3146.075761,3779.891078,4375.693704,4993.410744,6178.172278,5213.321665,5957.949586,6918.904726,7519.659216,7561.652304,7478.997517
United Arab Emirates,ARE,GDP per capita (current US$),NY.GDP.PCAP.CD,24218.55275,27989.30127,26945.65915,26864.18811,26141.33065,26495.82156,27973.74282,29813.37231,30378.54534,27681.31053,29278.76862,34207.53895,32105.64787,32355.4096,34294.894,37179.68189,40298.52422,42950.10058,42913.78403,45720.0179,32905.05385,34341.91129,39901.22092,41712.12421,42831.08913,43962.71369
Argentina,ARG,GDP per capita (current US$),NY.GDP.PCAP.CD,2375.33925,4318.774568,5715.504052,6798.027167,6940.351375,7449.480605,7373.427403,7683.573848,8172.665235,8248.76472,7736.372578,7669.273709,7170.689698,2579.188199,3330.42866,4251.565347,5096.258332,5904.678132,7226.270295,8992.589619,8198.566111,10332.03237,12800.20186,13040.3064,13027.20482,12324.93879
Armenia,ARM,GDP per capita (current US$),NY.GDP.PCAP.CD,,636.68069,589.0029482,368.9168368,356.5073514,399.7512025,455.5502761,503.2319696,522.522072,608.3366487,596.5059963,621.4248263,692.3016309,779.8296261,924.4640098,1181.968445,1625.407769,2126.618661,3080.970959,3919.975474,2915.583906,3124.784018,3417.171836,3565.517575,3716.828923,3873.533566
American Samoa,ASM,GDP per capita (current US$),NY.GDP.PCAP.CD,,,,,,,,,,,,,,,,,,,,,,,,,,
Antigua and Barbuda,ATG,GDP per capita (current US$),NY.GDP.PCAP.CD,6025.847582,6325.240905,6575.480499,6680.37587,7037.939154,7514.48368,7230.320637,7702.670284,8027.631131,8355.618643,8572.373481,10094.75906,9797.968713,10027.85622,10382.6309,10993.36925,12079.8657,13599.90886,15276.06826,15786.17284,13979.26269,13017.31039,12817.84157,13525.61622,13342.085,13432.07921
Australia,AUS,GDP per capita (current US$),NY.GDP.PCAP.CD,17810.95361,18221.69121,18836.78058,18591.22052,17657.24424,18079.26394,20360.18221,21917.71922,23522.77877,21340.06211,20536.41231,21665.11545,19495.14593,20059.45207,23440.00532,30440.85488,33982.95043,36084.85898,40957.83044,49628.11513,42715.13226,51845.65486,62216.54713,67646.10385,67652.68321,61995.8297
Austria,AUT,GDP per capita (current US$),NY.GDP.PCAP.CD,17426.86354,21628.76023,22356.92392,24820.22783,24023.51547,25584.91782,30252.79469,29742.42881,26646.88394,27289.63071,27116.67608,24517.26745,24489.73553,26351.37568,32102.93055,36693.40262,38242.04252,40430.99361,46586.65025,51386.37665,47654.18721,46659.84082,51123.56133,48324.25404,50557.80381,51148.35888
Azerbaijan,AZE,GDP per capita (current US$),NY.GDP.PCAP.CD,,1237.324492,1209.237493,676.1515115,530.0903798,436.1905586,397.1981161,409.2167452,505.5605732,561.9103017,573.8902562,655.0974326,703.6712504,763.1012122,883.614009,1045.026415,1578.36733,2473.085776,3851.437869,5574.603802,4950.294791,5842.805784,7189.691229,7393.771877,7811.621418,7886.459144
Burundi,BDI,GDP per capita (current US$),NY.GDP.PCAP.CD,204.2220618,201.6876563,202.6934403,183.7173204,155.9216027,150.8028052,160.3499893,137.2141027,151.5321043,137.2515028,121.9977308,128.6355365,126.2170813,115.2798803,106.0169747,119.460135,140.8151356,154.9245257,159.2654713,182.6878013,190.3942037,214.2309908,240.6144835,244.1964862,259.3652082,286.0023359
Belgium,BEL,GDP per capita (current US$),NY.GDP.PCAP.CD,16613.53235,20710.66393,21154.31183,23497.74962,22403.238,24338.16069,28565.94615,27701.85197,25027.77782,25541.71829,25444.13926,23207.40591,23121.56635,25052.33028,30743.95693,35589.71295,36967.28292,38852.36103,44403.83131,48424.58927,44880.56015,44382.87977,47699.80705,44734.45235,46622.46799,47299.86011
Benin,BEN,GDP per capita (current US$),NY.GDP.PCAP.CD,310.6327258,391.8934468,383.2953743,315.2183091,407.4501585,276.1591189,362.4709683,382.2854633,356.5782436,375.0240904,399.0492558,369.7008681,373.5536136,411.9590753,509.4610887,570.6855013,587.0802124,609.0186087,685.5516751,794.8701761,768.0134764,732.9536227,799.0355591,807.688451,882.6386333,903.464924
Burkina Faso,BFA,GDP per capita (current US$),NY.GDP.PCAP.CD,304.8532726,351.9792491,346.4104428,240.9634032,244.1271502,193.0702756,235.832244,249.3587559,229.4880613,255.709631,267.1861609,226.8016078,235.5079325,260.808434,332.4237687,371.3951961,406.9988374,422.479938,474.7109451,569.0142638,551.8432409,574.4580893,665.8074467,673.0267834,709.0712477,713.4564416
Bangladesh,BGD,GDP per capita (current US$),NY.GDP.PCAP.CD,278.3516037,298.144992,285.296976,285.6978098,292.3645263,291.3258679,320.3619277,383.8299551,390.4079054,396.1696495,398.2295463,406.5317405,403.5945462,401.7081533,434.0465632,462.2748798,485.8528881,495.8537802,543.0822631,618.0758836,683.6144223,760.3319352,838.5478017,858.9333626,954.3963997,1086.800087
Bulgaria,BGR,GDP per capita (current US$),NY.GDP.PCAP.CD,2449.800738,2377.335894,1267.734375,1211.980878,1278.247173,1148.494399,1554.046931,1208.850233,1346.91277,1771.993943,1643.609895,1609.280586,1762.455968,2079.228975,2693.75876,3353.564149,3852.977756,4455.690224,5932.899677,7296.122479,6955.987733,6752.552178,7750.03988,7333.355073,7656.638506,7851.265428
Bahrain,BHR,GDP per capita (current US$),NY.GDP.PCAP.CD,8030.25395,8528.760059,9057.563375,9088.63129,9707.566955,10138.47459,10376.36425,10523.08152,10620.34343,10005.23675,10330.73654,13590.52105,12917.3955,13279.0458,14541.61605,16275.18042,18418.07267,19669.31955,21167.61871,23043.02532,19166.70824,20386.01756,22238.71195,23063.13229,24378.94483,24855.21564
"Bahamas, The",BHS,GDP per capita (current US$),NY.GDP.PCAP.CD,12157.7892,12350.88048,11914.81213,11682.12886,11402.65152,11812.12238,12239.82781,12717.06038,17288.05651,18456.99077,20505.94743,21241.16539,21497.30816,22505.40479,22008.4337,21995.51992,23405.87955,23721.15628,24306.14242,23657.36531,22043.01257,21920.51659,21514.89865,22112.60835,22315.60365,22217.49414
Bosnia and Herzegovina,BIH,GDP per capita (current US$),NY.GDP.PCAP.CD,,,,,,314.5596047,481.1650399,731.1209512,971.5460643,1090.257056,1238.173385,1451.664002,1512.993014,1746.486383,2192.647078,2619.753258,2928.26359,3351.9634,4107.996232,4974.662267,4586.206313,4475.08813,4860.781811,4494.64064,4748.040692,4851.660528
Belarus,BLR,GDP per capita (current US$),NY.GDP.PCAP.CD,,1704.740304,1747.438671,1666.227513,1590.035409,1460.017544,1370.67271,1452.447002,1396.502166,1511.770268,1209.614881,1273.049124,1244.441997,1479.465321,1819.479028,2378.374894,3126.367778,3848.586203,4735.956889,6376.173115,5176.044701,5818.854859,6305.773662,6721.834908,7722.123351,8025.304356
Belize,BLZ,GDP per capita (current US$),NY.GDP.PCAP.CD,1979.342672,2202.322556,2326.833728,2666.922772,2833.075677,2880.154008,2996.397406,3001.693234,2952.575494,2991.860011,3065.517898,3364.464523,3419.208672,3556.616082,3679.792815,3831.60983,3933.234373,4187.23289,4324.831017,4470.220796,4258.842876,4344.136669,4516.23303,4673.555198,4723.594321,4884.36862
Bermuda,BMU,GDP per capita (current US$),NY.GDP.PCAP.CD,25517.92172,26841.51974,27700.30952,28669.68226,30900.69489,31476.06312,33989.72236,44826.78907,48478.88325,51371.74081,54245.45974,56284.16865,58883.95943,62583.1002,66111.72523,70359.31911,75882.03386,83912.6978,90849.58698,93605.74817,88463.31282,88207.32756,85973.15842,85458.45551,85748.06541,
Bolivia,BOL,GDP per capita (current US$),NY.GDP.PCAP.CD,701.4646141,709.9486541,764.1413321,791.381317,788.3991365,806.2211259,887.4682897,958.4735178,1006.964099,1058.718354,1012.510021,1007.002869,958.2363141,913.5758534,917.3643105,978.3347576,1046.427843,1233.592974,1389.63175,1736.924014,1776.85719,1981.160105,2377.70069,2645.290274,2948.032918,3124.080762
Brazil,BRA,GDP per capita (current US$),NY.GDP.PCAP.CD,2879.49987,3071.627953,3942.403941,2578.207009,2774.174127,3482.529816,4827.152443,5144.64366,5260.463813,5065.336705,3461.612858,3728.50801,3135.155229,2805.717257,3040.506496,3596.22458,4730.653468,5808.340547,7246.870105,8706.819142,8474.881066,11121.42095,13039.12165,12157.30822,12071.77799,11728.79939
Barbados,BRB,GDP per capita (current US$),NY.GDP.PCAP.CD,7732.257279,7727.850593,7733.373704,7464.223599,7842.693318,8148.570378,8537.897388,9069.236722,9549.184429,10726.89319,11200.29068,11568.05194,11513.34018,11674.93618,12028.89874,12869.33659,14223.7777,15646.81501,16461.82927,16569.60496,16526.25455,15901.43294,15530.89429,15317.139,15153.82138,15366.29261
Brunei Darussalam,BRN,GDP per capita (current US$),NY.GDP.PCAP.CD,11954.40013,13701.89704,14002.10713,15381.31391,14678.07159,14220.63634,16046.98158,16913.93536,16779.33847,12784.76622,14205.77372,18154.83493,16616.79805,17016.94349,18758.98089,22131.94606,26337.91811,31157.68845,32707.70431,37798.3935,27726.48105,31453.2244,41787.0214,41807.65334,39151.23423,40979.64194
Bhutan,BTN,GDP per capita (current US$),NY.GDP.PCAP.CD,521.364502,559.8216186,467.65687,474.9128636,453.3890923,529.5484886,595.5104134,617.5547709,702.5389844,706.5620391,764.1242599,778.391266,820.2028589,897.4453332,1009.006232,1107.920596,1257.54864,1346.085775,1755.161709,1810.576177,1786.810672,2201.293078,2485.787052,2452.151588,2383.04473,2560.522132
Botswana,BWA,GDP per capita (current US$),NY.GDP.PCAP.CD,2301.68118,2747.208438,2776.423062,2839.196963,2772.732774,2767.35374,3001.102631,3007.613623,3050.233587,2854.673402,3210.23188,3333.17955,3114.616594,3044.127353,4149.041377,4879.459462,5327.853518,5342.140336,5666.637847,5561.89824,5115.119247,6244.002574,7504.850907,6885.829681,6806.677467,7153.444325
Central African Republic,CAF,GDP per capita (current US$),NY.GDP.PCAP.CD,429.7903623,490.3995393,457.4552983,457.0583079,403.2931149,261.6021372,334.3654767,294.9204314,268.0862195,270.4307455,273.5813579,245.4343849,245.5632726,256.8506088,290.5096583,318.4837946,332.9466401,353.8944517,404.1131819,463.8276186,454.3693169,446.8002046,488.3573422,472.8182181,317.1673705,351.994226
Canada,CAN,GDP per capita (current US$),NY.GDP.PCAP.CD,20638.29005,21371.2911,21664.59864,20771.25035,20017.42985,19859.20398,20577.48939,21183.22008,21770.13408,20887.83947,22167.22585,24124.16917,23691.59472,24167.80431,28172.14883,31979.87195,36189.58838,40386.69948,44544.5268,46596.33599,40773.45436,47445.76193,52083.82622,52495.28847,52266.17568,50185.4815
Central Europe and the Baltics,CEB,GDP per capita (current US$),NY.GDP.PCAP.CD,,2294.681277,2184.549578,2344.780507,2470.973907,2804.071102,3487.260736,3739.483043,3720.810967,4087.171782,3963.396873,3943.594923,4342.007537,4920.173579,5937.824613,7141.72214,8317.199456,9434.650976,11943.24107,14449.88034,12161.4616,12546.04673,13869.24747,12978.00134,13685.03986,14084.05849
Switzerland,CHE,GDP per capita (current US$),NY.GDP.PCAP.CD,30325.75893,38332.15172,38303.04989,39435.53813,38005.32345,41738.97019,48540.57749,46610.05975,40429.93726,41487.69019,40577.33663,37813.23426,38538.64447,41336.72192,47960.56497,53255.97631,54797.54663,57348.92788,63223.46778,72119.56087,69672.00471,74277.12051,88002.60957,83208.68654,84669.29294,85610.84203
Channel Islands,CHI,GDP per capita (current US$),NY.GDP.PCAP.CD,,,,,,,,,,40538.06446,42406.93285,43299.40114,41609.01948,44158.04026,48227.66551,55844.11669,57209.24916,62260.22555,73568.23483,,,,,,,
Chile,CHL,GDP per capita (current US$),NY.GDP.PCAP.CD,2195.54149,2401.525181,2727.573825,3277.669086,3461.435092,3942.967594,5026.720634,5263.191366,5674.153008,5367.211824,4872.692148,5229.177098,4709.9234,4566.523326,4948.74818,6323.75764,7728.611897,9500.835162,10513.54071,10791.02019,10217.31403,12785.05187,14582.17052,15253.33083,15764.75545,14566.14905
China,CHN,GDP per capita (current US$),NY.GDP.PCAP.CD,309.2633852,316.2244304,331.474916,364.7596641,375.8142938,471.7608812,607.5685831,707.0297713,778.9439057,825.5479571,869.6548821,954.5522917,1047.477863,1141.757644,1280.602855,1498.173796,1740.096726,2082.183363,2673.294191,3441.221355,3800.474542,4514.94052,5574.187093,6264.643878,6991.853866,7587.289732
Cote d'Ivoire,CIV,GDP per capita (current US$),NY.GDP.PCAP.CD,830.7928079,887.3854461,832.6844214,854.8364234,818.2228303,595.7925412,763.6689247,817.3361967,766.3339328,801.8595646,766.9336227,648.8107641,663.6413459,718.453113,875.0860951,929.893384,942.2163849,962.9184427,1078.541502,1257.675582,1233.304856,1236.085198,1231.867834,1281.382865,1447.222821,1545.942249
Cameroon,CMR,GDP per capita (current US$),NY.GDP.PCAP.CD,950.76221,923.8812783,1000.326541,890.5636811,1027.567353,680.6371437,626.9560402,679.7651939,668.972082,637.3608604,675.9238649,583.0948382,589.2039195,648.3996054,791.1064754,892.8987777,915.0912877,965.3686883,1070.954675,1191.709554,1164.717254,1147.242347,1258.924651,1222.192142,1331.200021,1407.403413
"Congo, Rep.",COG,GDP per capita (current US$),NY.GDP.PCAP.CD,1028.272862,1172.757072,1112.128364,1166.334463,743.410575,667.6941418,777.5775374,908.7216322,808.2852124,660.1673277,776.3632945,1035.584462,877.626394,927.2695886,1049.317595,1362.198833,1737.611546,2144.834943,2259.269413,3094.10972,2428.260233,2953.185008,3453.221229,3191.164299,3205.457783,3147.071524
Colombia,COL,GDP per capita (current US$),NY.GDP.PCAP.CD,1175.932783,1175.149339,1181.081508,1385.866438,1541.712336,2218.784474,2470.683383,2553.549618,2759.952882,2509.139908,2164.432876,2472.197776,2395.856522,2355.725753,2246.257648,2740.249866,3386.025478,3709.076914,4674.21171,5433.706412,5148.411344,6250.6545,7227.77083,7885.061292,8030.690861,7918.0789
Comoros,COM,GDP per capita (current US$),NY.GDP.PCAP.CD,493.1307911,602.2748212,577.2891245,604.6333472,581.5867023,398.3663677,483.5462923,467.5569374,418.7347805,414.0760238,416.8883719,372.1890023,391.957281,428.789839,538.697658,609.640698,614.8613273,640.7429838,712.1200098,777.6777744,754.9928244,739.8977906,790.5680956,750.3146086,796.7645384,810.07576
Cabo Verde,CPV,GDP per capita (current US$),NY.GDP.PCAP.CD,799.611667,899.2987882,915.5546927,996.3399903,1331.125879,1073.443426,1251.809027,1256.49316,1197.175871,1242.987493,1379.073093,1229.044456,1258.557222,1363.592698,1759.256131,1970.891373,2049.615979,2316.47949,3145.653828,3698.315397,3517.386791,3393.927492,3766.111654,3497.691141,3623.22243,3641.107656
Costa Rica,CRI,GDP per capita (current US$),NY.GDP.PCAP.CD,2274.431575,2391.302218,2255.455651,2631.99031,2884.847998,3081.86803,3338.822979,3292.773898,3483.555227,3743.130436,4104.363689,4062.322308,4104.184083,4145.586093,4245.677021,4441.41216,4700.014926,5228.025413,6024.078487,6736.167819,6546.565554,7985.951035,8963.680052,9733.396931,10461.57751,10415.45665
Caribbean small states,CSS,GDP per capita (current US$),NY.GDP.PCAP.CD,2790.986326,2963.161515,2893.244052,2820.792991,2946.616175,3100.062194,3373.309962,3640.216573,4034.948272,4392.103685,4635.608559,4989.630947,5101.649918,5347.468785,5705.486733,6232.628385,7021.166223,7841.6003,8667.555734,9822.362633,8208.608897,8699.517699,9373.21714,9586.887769,9944.637779,10171.00504
Cuba,CUB,GDP per capita (current US$),NY.GDP.PCAP.CD,2577.237924,2706.975485,2280.248305,2057.220667,2071.510891,2621.135778,2790.070088,2283.564629,2305.927831,2330.81411,2559.92822,2749.463492,2841.176483,3003.288468,3201.250272,3398.620012,3786.875329,4677.709014,5193.484286,5385.740727,5494.925311,5688.666732,6092.613902,6448.155635,6789.849597,
Curacao,CUW,GDP per capita (current US$),NY.GDP.PCAP.CD,,,,,,,,,,,,,,,,,,,,,,,,,,
Cayman Islands,CYM,GDP per capita (current US$),NY.GDP.PCAP.CD,,,,,,,,30190.66868,,,,,,,,,,64104.7516,,,,,,,,
Cyprus,CYP,GDP per capita (current US$),NY.GDP.PCAP.CD,8038.914242,9641.575273,9696.099593,11310.07192,10526.14177,11617.69278,15233.34168,15105.21006,14169.7202,15035.90525,15208.77246,14307.35353,14723.21047,15988.27504,20110.12017,23578.42935,24738.00939,26455.13237,30915.48639,34950.3513,31673.45771,30438.90019,31836.61951,28868.27382,27909.10721,27245.74462
Czech Republic,CZE,GDP per capita (current US$),NY.GDP.PCAP.CD,,3901.525437,2867.229425,3338.655158,3916.051656,4583.584499,5765.048439,6473.435452,5980.258304,6447.463539,6293.304387,5994.528277,6594.717465,8011.898074,9741.058384,11667.63212,13317.72983,15159.14115,18333.9459,22649.37934,19698.49209,19763.9638,21656.94142,19640.92866,19813.87157,19502.41733
Germany,DEU,GDP per capita (current US$),NY.GDP.PCAP.CD,17697.16351,22219.57253,23269.3818,26333.53744,25488.51952,27087.55845,31729.69976,30564.24781,27045.71913,27340.67288,26795.99113,23718.7467,23687.31689,25205.16445,30359.95215,34165.93403,34696.62092,36447.87232,41814.8191,45699.19832,41732.70725,41788.04479,45936.08126,44010.93139,45600.77451,47767.00191
Djibouti,DJI,GDP per capita (current US$),NY.GDP.PCAP.CD,732.3063351,768.8000207,757.2259706,762.3768343,729.0950138,756.5869605,752.8997583,733.8133989,733.143646,736.5033302,754.3497353,762.8838243,779.7667866,792.9638513,822.0970501,867.68359,910.3645074,974.5642374,1060.81494,1234.013356,1279.251948,1358.4605,1472.014205,1586.780133,1683.429923,1813.596226
Dominica,DMA,GDP per capita (current US$),NY.GDP.PCAP.CD,2152.86027,2344.944441,2546.783072,2701.671727,2814.669124,3018.820482,3139.224475,3323.369413,3473.648555,3676.516625,3830.229979,4819.899954,4925.629692,4837.631934,4997.16258,5329.135796,5250.352561,5522.285618,5953.548718,6463.624217,6891.460797,6937.256084,7023.353428,6768.294416,7036.548388,7251.835059
Denmark,DNK,GDP per capita (current US$),NY.GDP.PCAP.CD,21799.27814,26861.79959,26960.9771,29526.1666,27553.12203,29992.22147,35351.38071,35650.72434,32835.92877,33368.15485,33440.80162,30743.55917,30751.64946,33228.69291,40458.77064,46487.51491,48816.83586,52041.00297,58501.13832,64181.99467,57895.50122,57647.66876,61304.0612,58125.36482,60361.73877,61330.91263
Dominican Republic,DOM,GDP per capita (current US$),NY.GDP.PCAP.CD,949.4036196,984.6914396,1327.450694,1510.022075,1704.850697,1871.667431,2072.68444,2258.258259,2400.193377,2551.907789,2575.563881,2802.424044,2862.16308,3008.469048,2372.629772,2421.093882,3681.065415,3836.475649,4637.239959,4996.942663,4933.94305,5441.965749,5820.3963,5967.000984,5952.329007,6147.343569
Algeria,DZA,GDP per capita (current US$),NY.GDP.PCAP.CD,2202.558118,2394.420608,1721.582067,1766.065919,1797.541804,1499.984092,1444.907936,1596.006859,1611.961948,1588.421338,1580.957569,1757.011974,1732.958517,1774.292021,2094.893302,2600.00652,3102.037384,3467.54474,3939.559939,4912.251941,3875.822095,4473.486446,5447.403976,5583.61616,5491.614414,5484.066806
East Asia & Pacific (excluding high income),EAP,GDP per capita (current US$),NY.GDP.PCAP.CD,396.0143523,418.259892,448.8448249,495.034631,529.189355,628.5143706,766.1104037,869.2998443,889.4902466,805.661867,876.5872723,956.0317203,1008.864911,1106.4478,1239.829694,1425.999206,1635.257494,1952.05596,2449.979433,3074.757687,3307.945656,3982.014066,4830.824638,5349.234364,5850.555806,6242.271322
Early-demographic dividend,EAR,GDP per capita (current US$),NY.GDP.PCAP.CD,799.5003581,899.5963669,932.4379717,1000.800278,1071.889717,1099.623063,1105.232412,1183.467065,1240.112547,1197.754828,1247.082411,1327.810054,1290.619753,1231.927724,1353.263726,1546.773945,1773.693768,1997.884693,2336.789771,2589.378674,2452.213917,2929.830906,3223.302038,3313.872559,3321.825496,3329.300179
East Asia & Pacific,EAS,GDP per capita (current US$),NY.GDP.PCAP.CD,2515.481655,2594.595948,2882.095275,3104.874436,3435.452298,3786.891312,4225.307318,4016.116029,3814.356903,3364.12882,3718.716033,3976.563653,3666.907012,3698.464372,4034.316878,4490.144734,4745.174965,5002.320549,5569.511909,6379.616859,6523.069215,7563.222732,8699.519424,9253.960117,9282.563093,9491.669345
Europe & Central Asia (excluding high income),ECA,GDP per capita (current US$),NY.GDP.PCAP.CD,2281.678315,2410.073632,2326.31287,2130.462391,2086.847109,1807.727853,1927.736389,1950.409189,2030.416226,1885.285139,1581.938002,1762.041827,1757.135027,2008.707901,2533.940483,3344.930959,4229.724456,5187.477195,6694.133401,8263.927315,6451.410557,7650.805152,9357.732085,9739.777777,10133.9932,9426.077553
Europe & Central Asia,ECS,GDP per capita (current US$),NY.GDP.PCAP.CD,8610.358771,10479.87919,10775.32117,11509.38253,10540.10284,10999.08121,12548.97387,12791.54514,12108.87411,12394.27085,12236.08662,11512.89374,11616.743,12688.13152,15425.60614,17934.20229,19044.59366,20554.44385,23947.89045,26186.48774,22954.87687,23430.87137,25844.6023,24775.91208,25654.10449,25846.09719
Ecuador,ECU,GDP per capita (current US$),NY.GDP.PCAP.CD,1392.2321,1491.402557,1623.989557,1690.154667,1729.373709,2028.198277,2135.634119,2159.150629,2361.59952,2300.407505,1584.463443,1451.290776,1903.741868,2183.967465,2440.469164,2708.558293,3021.942767,3350.784142,3590.711513,4274.940821,4255.555563,4657.301737,5223.377575,5702.168288,6051.611129,6345.840725
"Egypt, Arab Rep.",EGY,GDP per capita (current US$),NY.GDP.PCAP.CD,720.4100574,764.7606811,640.8505135,710.3624068,774.9108673,846.9980739,963.5573128,1063.433416,1211.290308,1286.793514,1351.61401,1461.018259,1402.759854,1238.926558,1147.781713,1071.323339,1196.733309,1409.177875,1681.314481,2061.612772,2349.286865,2668.035988,2816.666943,3226.131379,3264.450063,3365.707421
Euro area,EMU,GDP per capita (current US$),NY.GDP.PCAP.CD,15048.56382,18848.79263,19524.04734,21444.75784,19566.77408,20612.37768,23736.38639,23967.92191,21864.8408,22422.11378,22261.70141,20207.12303,20444.16256,22128.94567,27156.41154,30977.10183,31979.56849,33791.76989,38706.31633,42221.49272,38475.84776,37604.26628,40426.11293,37584.44541,38920.61984,39594.64584
Eritrea,ERI,GDP per capita (current US$),NY.GDP.PCAP.CD,,,,150.9520615,148.4927896,168.9040979,182.6796051,216.5541708,210.5402575,223.3968966,200.8718442,199.8131951,205.8460357,192.5076432,221.5268127,272.8328326,262.0745298,281.3750173,299.1114518,306.6651439,404.196309,451.4266933,544.4624311,,,
Spain,ESP,GDP per capita (current US$),NY.GDP.PCAP.CD,10662.92425,13773.3657,14782.0389,16105.41873,13362.01835,13465.37783,15561.97275,16236.77168,14872.56589,15534.35989,15859.08603,14787.75606,15359.10844,17019.53541,21495.70741,24918.64584,26510.71745,28482.60948,32709.40104,35578.73619,32333.4661,30737.83227,31832.23808,28647.83524,29370.66387,29718.50022
Estonia,EST,GDP per capita (current US$),NY.GDP.PCAP.CD,,,,,,,3044.379109,3352.73025,3619.946704,4052.292672,4148.060458,4070.031904,4498.958704,5308.346961,7174.240792,8850.46785,10338.31726,12595.41484,16586.40796,18094.5474,14726.31391,14641.40314,17453.75376,17490.99313,19155.42125,20147.77822
Ethiopia,ETH,GDP per capita (current US$),NY.GDP.PCAP.CD,247.1611913,253.3479607,270.4403309,203.3416396,165.1281267,125.1288855,133.8986024,144.692935,141.0535555,124.6775752,119.2999888,124.0509505,120.3531152,111.5311693,119.0586588,135.9763619,161.8769539,194.0779937,243.6288455,325.7949007,380.264841,341.8589562,355.5889915,469.7923039,503.9026066,573.5659603
European Union,EUU,GDP per capita (current US$),NY.GDP.PCAP.CD,12825.38214,15851.86703,16419.01146,17839.40528,16212.77232,17177.69786,19683.65196,20090.41983,18913.39074,19549.62029,19480.35558,18074.83304,18244.00637,19845.54593,24092.61558,27723.18173,28887.51792,30708.52013,35377.04526,37921.45398,33817.87746,33595.65566,36241.91837,34150.52785,35402.49152,36425.56595
Fragile and conflict affected situations,FCS,GDP per capita (current US$),NY.GDP.PCAP.CD,,,,,,,,,,,,668.1184207,609.9758032,574.771655,628.3132147,701.5336466,832.5914737,950.0085147,1151.921963,1426.978258,1278.532564,1458.959278,1521.69786,1719.511085,1696.619644,1643.528008
Finland,FIN,GDP per capita (current US$),NY.GDP.PCAP.CD,23983.84575,28380.54891,25503.21521,22337.48712,17617.03044,20305.58355,26273.4659,25777.6413,24676.49708,25989.4075,26178.79178,24253.25042,24913.24452,26834.02625,32816.16088,37636.11173,38969.17163,41120.67651,48288.5491,53401.31487,47107.15571,46205.16601,50787.56498,47415.55987,49638.07713,49864.57625
Fiji,FJI,GDP per capita (current US$),NY.GDP.PCAP.CD,1632.138291,1834.994609,1881.580135,2057.3984,2166.058463,2383.91826,2540.751518,2714.24312,2641.06808,2070.168433,2408.165466,2076.013308,2038.899241,2259.055796,2835.980917,3332.91446,3658.617477,3750.034991,4079.228842,4178.321691,3369.855205,3651.958291,4351.919334,4550.267095,4765.84403,5112.38189
France,FRA,GDP per capita (current US$),NY.GDP.PCAP.CD,17704.95898,21795.23783,21782.4162,23937.05692,22503.26085,23625.529,27037.97213,27015.25896,24359.42506,25101.36874,24799.29601,22465.64184,22527.31775,24275.2426,29691.18158,33874.74255,34879.72633,36544.50853,41600.58397,45413.06571,41631.13141,40705.76623,43807.4759,40838.02444,42571.19799,42546.83879
Faroe Islands,FRO,GDP per capita (current US$),NY.GDP.PCAP.CD,,,,,,,,,,24502.25752,24550.38973,22850.44296,24566.06384,26731.13714,31098.09,35008.16852,35808.82986,40617.30498,46878.11546,49625.47867,46429.92063,47381.52276,50910.43405,48695.17118,54117.84441,
"Micronesia, Fed. Sts.",FSM,GDP per capita (current US$),NY.GDP.PCAP.CD,1436.906824,1528.064694,1682.186235,1756.202422,1908.848629,1909.350632,2065.004277,2019.952558,1906.809762,2029.326657,2046.791518,2170.960626,2239.916954,2257.773665,2293.579614,2247.837673,2352.639409,2393.936412,2435.199848,2501.527682,2669.375054,2838.448547,2998.642197,3147.679202,3044.077373,3057.091025
Gabon,GAB,GDP per capita (current US$),NY.GDP.PCAP.CD,4517.801212,6250.643217,5523.03492,5566.794726,4245.514245,3958.738282,4564.269382,5107.316881,4656.967909,3821.808554,3878.031853,4115.036784,3981.858786,4119.154596,4929.322637,5755.959504,6865.323497,7206.968408,8632.756951,10523.27025,8003.790743,9312.049463,11530.1472,10642.43225,10658.77273,10772.06175
United Kingdom,GBR,GDP per capita (current US$),NY.GDP.PCAP.CD,16239.2822,19095.467,19900.72665,20487.17079,18389.01957,19709.2381,21330.27625,22462.50943,24803.14743,26281.04775,26675.9156,26400.65644,25980.22038,28301.20833,32575.09196,38305.87269,40047.90597,42534.30626,48428.15745,45195.15693,37166.27597,38292.87113,41020.37696,41294.5148,42294.89012,46278.52021
Georgia,GEO,GDP per capita (current US$),NY.GDP.PCAP.CD,,1614.640122,1314.67067,757.2235485,550.0155426,517.0870879,569.0181381,670.4611048,774.6802033,805.2726845,628.8656516,691.9977101,733.9704142,779.3845935,928.0108227,1207.367228,1530.057521,1872.680416,2492.12878,3174.949001,2706.588512,2964.477048,3725.063221,4142.869175,4274.376873,4429.650075
Ghana,GHA,GDP per capita (current US$),NY.GDP.PCAP.CD,368.998198,402.5888817,438.5203726,414.5616397,375.0653336,333.217825,385.7252602,403.9197548,392.2518164,416.3262485,419.8855509,264.7025762,275.4723721,311.616825,375.8807045,426.1592342,501.7240746,929.7266286,1099.022313,1234.0799,1095.503232,1323.099141,1587.190873,1641.825922,1827.101368,1441.636453
Gibraltar,GIB,GDP per capita (current US$),NY.GDP.PCAP.CD,,,,,,,,,,,,,,,,,,,,,,,,,,
Guinea,GIN,GDP per capita (current US$),NY.GDP.PCAP.CD,421.945806,441.925744,473.5100491,486.5106787,458.2536496,448.9177672,469.7619073,476.2003677,454.1618447,422.2820159,400.2715164,340.414229,316.3823077,323.6278426,371.3209593,387.3679616,303.7609661,296.1745763,407.2065722,433.0747552,430.1999535,430.0564739,447.7909893,487.3457142,521.5389059,539.615775
"Gambia, The",GMB,GDP per capita (current US$),NY.GDP.PCAP.CD,322.4433777,345.8546784,727.0369581,729.0545386,748.8302523,720.1160037,737.5087333,774.0526743,713.2061834,725.0082309,682.9657145,637.1055215,542.5042831,442.186688,360.6773244,414.9810528,433.2915831,440.3139384,519.9547093,608.6464388,549.5395067,562.5681661,516.984255,504.9890138,484.112865,441.293817
Guinea-Bissau,GNB,GDP per capita (current US$),NY.GDP.PCAP.CD,206.3745503,230.9791211,238.0602812,204.8627264,209.6835936,203.9803922,215.0663616,224.0417856,217.7111121,163.8000811,174.2967664,281.4036603,291.9505319,303.0118619,339.8607487,370.9340773,401.147289,395.9779939,455.4358578,553.4565058,517.1470466,518.5983608,660.5867694,580.6433674,584.2818452,615.9409222
Equatorial Guinea,GNQ,GDP per capita (current US$),NY.GDP.PCAP.CD,241.5261542,297.1128769,284.0969004,333.3667863,325.1552814,232.7047551,316.4025059,501.166419,921.8521526,746.8571691,1209.937695,1970.251229,2661.421479,3182.767874,4234.602086,7276.075656,13129.59818,14162.05489,16186.17321,23347.66085,14451.52422,17441.09255,22944.92629,23278.23006,21497.89443,18918.27683
Greece,GRC,GDP per capita (current US$),NY.GDP.PCAP.CD,7846.678164,9600.18513,10188.36978,11176.45844,10401.98299,11091.28386,12959.32432,13749.11515,13427.83249,13472.13764,13245.18946,12042.95373,12538.17883,14110.31339,18477.57841,21955.10409,22551.73574,24801.15781,28827.32636,31997.28201,29710.9703,26919.36164,25914.68155,22242.68193,21842.70331,21627.35429
Grenada,GRD,GDP per capita (current US$),NY.GDP.PCAP.CD,2199.488628,2295.976222,2504.487796,2581.401578,2545.820627,2633.499771,2755.990307,2923.249453,3015.483221,3364.344384,3742.366572,5117.539563,5109.958715,5292.232379,5773.299151,5836.120212,6754.381175,6764.722867,7322.526171,7946.638501,7394.946318,7365.666659,7410.76108,7583.546476,7956.141842,8573.693949
Greenland,GRL,GDP per capita (current US$),NY.GDP.PCAP.CD,16813.74145,18326.92852,18315.31561,18768.8265,16797.35739,18124.10076,21665.83081,21422.46222,19145.61441,20496.5798,20170.32276,19004.00345,19275.43281,20652.84127,24706.29193,28416.77767,28985.39087,31902.50475,36070.91982,40863.25732,41097.55636,40193.66603,44010.33322,41471.65588,42827.80827,43364.88285
Guatemala,GTM,GDP per capita (current US$),NY.GDP.PCAP.CD,940.7669226,835.2990465,1002.248027,1085.426709,1156.173389,1284.646821,1415.121845,1487.102697,1636.213168,1741.402186,1605.528019,1650.365959,1561.595712,1692.963796,1743.166097,1860.988805,2064.047248,2241.005002,2472.389067,2774.318063,2617.112191,2805.951416,3166.582312,3278.629128,3432.021781,3666.594606
Guam,GUM,GDP per capita (current US$),NY.GDP.PCAP.CD,,,,,,,,,,,,,,,,,,,,,,,,,,
Guyana,GUY,GDP per capita (current US$),NY.GDP.PCAP.CD,522.9413801,550.5930501,469.2787191,513.1976056,614.3454504,747.8602024,855.416352,966.0541821,1020.827044,973.1657568,938.618364,960.1867601,936.9162239,972.2164996,999.1816472,1058.958515,1110.957717,1961.055623,2334.021042,2569.988506,2698.058991,2998.941274,3408.731903,3759.383547,3928.87895,4028.163991
High income,HIC,GDP per capita (current US$),NY.GDP.PCAP.CD,16882.72064,18839.03716,19763.82882,21130.84554,21151.01323,22504.5544,24645.23343,24687.67145,24146.6846,24053.08348,25102.21923,25446.94658,25045.33315,25946.06429,28912.53778,31966.65762,33559.39714,35175.82034,38184.24239,40220.83899,37420.20512,38982.64208,41805.78704,41638.34419,41758.98686,42329.59088
"Hong Kong SAR, China",HKG,GDP per capita (current US$),NY.GDP.PCAP.CD,12097.77516,13485.54489,15465.85886,17976.42938,20395.51737,22502.57974,23497.49231,24818.15455,27330.03335,25808.97095,25091.6666,25756.66378,25230.21633,24665.89,23977.01945,24928.10037,26649.7508,28224.21506,30594.01784,31515.66277,30697.34038,32549.99823,35142.48793,36707.77423,38364.1949,40215.66773
Honduras,HND,GDP per capita (current US$),NY.GDP.PCAP.CD,747.5553443,621.7969546,608.6915845,660.1891707,654.7505193,629.1574618,699.5095774,704.686148,796.3177796,869.1109453,878.65135,1138.147032,1187.590233,1196.558653,1228.478361,1298.93929,1405.78216,1547.266659,1720.76736,1899.54847,1975.796099,2110.822021,2323.757115,2395.073442,2356.516704,2434.280046
Heavily indebted poor countries (HIPC),HPC,GDP per capita (current US$),NY.GDP.PCAP.CD,369.5070551,365.2034708,366.1283741,323.1135506,318.7977079,275.3782983,305.6107046,311.0680431,317.5019783,318.2730162,310.1869784,327.0581437,302.2922263,319.3753281,353.2382502,394.4052146,443.2177835,514.7905085,595.7327547,698.0356055,684.6906622,736.9360275,801.9645977,830.7714963,876.2711187,900.0908528
Croatia,HRV,GDP per capita (current US$),NY.GDP.PCAP.CD,,,,,,,4794.937213,5268.805674,5210.430239,5650.332016,5135.473341,4919.628069,5245.421419,6053.716037,7805.881418,9365.742468,10224.24059,11363.41845,13546.69872,15893.86056,14157.14416,13509.18582,14542.1776,13235.97757,13574.97804,13480.65075
Haiti,HTI,GDP per capita (current US$),NY.GDP.PCAP.CD,,,479.5461962,305.5542998,249.4121387,282.4220626,359.7685486,365.0034113,411.6021427,450.9192277,494.2337733,462.4813299,413.7378804,393.0157939,329.7819844,387.9427209,465.3101354,505.5848205,615.8157847,674.7493926,668.2919749,662.2795182,740.947823,766.8722334,810.3265496,830.1500551
Hungary,HUN,GDP per capita (current US$),NY.GDP.PCAP.CD,,,3333.901048,3716.869568,3855.073395,4152.996979,4472.762698,4508.176081,4580.026769,4735.292008,4789.532954,4619.528633,5266.850061,6646.238255,8391.141952,10254.24103,11155.96145,11392.06807,13830.83241,15649.72297,12948.07667,13009.34538,14032.77426,12819.71206,13585.43018,14021.90227
IBRD only,IBD,GDP per capita (current US$),NY.GDP.PCAP.CD,912.1875613,1015.503575,1078.68115,1058.26925,1115.94358,1203.651411,1330.039911,1432.195309,1495.592779,1432.321991,1373.716408,1476.239764,1479.363369,1484.538227,1657.477963,1949.731502,2304.489571,2702.996798,3331.465636,3956.479434,3796.009634,4568.707442,5334.435173,5592.481938,5849.338726,5937.393949
IDA & IBRD total,IBT,GDP per capita (current US$),NY.GDP.PCAP.CD,790.5491331,873.5111886,922.6826726,901.2587705,941.7462442,1006.076627,1111.842174,1195.276208,1243.707423,1190.629931,1143.518455,1226.869186,1223.258299,1229.186008,1368.73381,1602.91814,1885.145666,2206.556468,2699.498676,3196.684308,3061.936068,3684.231052,4276.322948,4475.403234,4673.261309,4747.070487
IDA total,IDA,GDP per capita (current US$),NY.GDP.PCAP.CD,346.1099135,353.9412464,356.4035365,337.1214629,321.5493383,308.7584911,350.6305389,377.7255228,382.9896499,373.5837729,374.2016423,402.6027237,385.3158879,404.0745496,446.3129833,507.1212892,574.4288988,673.0171793,767.5359347,901.1911883,870.9185176,1078.391755,1196.731499,1264.968462,1335.200716,1411.699064
IDA blend,IDB,GDP per capita (current US$),NY.GDP.PCAP.CD,376.4090934,391.7301327,404.9431602,400.5344095,377.5057845,377.3658268,435.8924106,472.918399,473.7989737,448.921404,460.902808,506.93027,484.8965658,515.2012933,573.2833422,671.2001251,773.8507478,929.4631567,1041.174769,1236.115268,1160.002233,1610.661436,1822.67057,1963.540461,2096.051007,2227.595601
Indonesia,IDN,GDP per capita (current US$),NY.GDP.PCAP.CD,569.2271706,630.6685568,694.2457566,740.9177479,827.8103481,912.0977029,1026.270534,1137.265648,1063.567956,463.8830021,671.0056341,780.092079,748.1847461,900.1308039,1065.656546,1150.349294,1263.481446,1590.177906,1860.622626,2167.85765,2262.720786,3125.219934,3647.626622,3700.523538,3631.672694,3499.588735
IDA only,IDX,GDP per capita (current US$),NY.GDP.PCAP.CD,334.4250132,337.1736073,331.708262,301.6682662,291.1780169,269.673363,301.5698309,322.9419733,331.6128641,332.6457386,325.9332077,343.6641241,329.4943715,341.6435512,375.1508939,414.1295563,461.0882623,526.4644419,613.0947471,712.02563,709.9697764,773.2643866,837.6167864,864.2519687,900.505927,946.9628471
Isle of Man,IMN,GDP per capita (current US$),NY.GDP.PCAP.CD,,,,,,,12672.68506,14034.30662,15997.93705,18470.17821,20657.43693,20358.66729,20804.49555,24229.51035,28678.84529,34634.052,36980.11308,41232.92064,69418.05734,70438.01819,60417.4588,64277.06375,71307.49372,74993.64069,78119.05987,
India,IND,GDP per capita (current US$),NY.GDP.PCAP.CD,353.2554885,375.1520193,309.3279361,323.5247922,307.4110432,353.2924952,381.5274622,408.2417747,424.0864738,421.8215901,451.0891442,452.4135847,460.8261999,480.6214422,557.8973659,640.6005222,729.000727,816.7337762,1050.024801,1022.577592,1124.519446,1387.880084,1455.666779,1444.266598,1456.201628,1576.817669
Not classified,INX,GDP per capita (current US$),NY.GDP.PCAP.CD,,,,,,,,,,,,,,,,,,,,,,,,,,
Ireland,IRL,GDP per capita (current US$),NY.GDP.PCAP.CD,11188.37236,14047.06638,14103.03434,15732.03941,14673.52834,15920.79629,19179.98067,20852.31769,22540.26272,24261.29235,26283.49138,26236.3719,28212.5922,32537.95748,41170.06723,47641.01377,50815.64169,54285.75075,61313.58241,61189.73248,51900.26714,48260.66536,52828.42003,48976.92975,51814.8593,54321.28772
"Iran, Islamic Rep.",IRN,GDP per capita (current US$),NY.GDP.PCAP.CD,2201.440336,2222.094654,,,1083.856647,1207.393298,1598.498218,1963.962592,1824.864744,1733.475866,1757.453132,1664.26127,1899.020425,1900.047731,2240.807121,2649.913586,3135.187408,3646.844407,4705.38822,5476.158422,5437.81879,6299.918738,7874.484792,7710.513314,6631.29827,5442.874771
Iraq,IRQ,GDP per capita (current US$),NY.GDP.PCAP.CD,3850.3473,10291.8602,,,,,,,,,,,,,,1391.609582,1848.968201,2350.194236,3125.580302,4512.985144,3725.675441,4487.366289,5828.764749,6614.584821,6816.628299,6336.468066
Iceland,ISL,GDP per capita (current US$),NY.GDP.PCAP.CD,22617.49166,25592.14715,27021.79826,27345.70609,23772.29122,24214.70973,26851.01722,27897.00172,28016.7524,30901.04929,32187.44551,31737.47061,28516.04796,31864.57508,39019.68632,46921.1256,56445.53614,56097.11509,68344.56016,55229.61076,40362.04159,41620.06745,45970.89368,44258.84279,47493.24904,52036.73181
Israel,ISR,GDP per capita (current US$),NY.GDP.PCAP.CD,9871.574323,11264.01838,11956.0086,12838.4182,12530.99864,13830.287,18028.63557,19285.68194,19627.13822,19400.1012,19136.71157,21052.10432,20306.19646,18431.15696,18946.99942,19888.172,20611.17931,21905.01769,25008.6037,29657.44201,27795.87671,30736.36389,33707.32496,32818.85838,36281.1999,37206.18294
Italy,ITA,GDP per capita (current US$),NY.GDP.PCAP.CD,16332.60955,20757.08875,21884.10445,23166.80415,18676.95264,19273.84424,20596.38865,23020.09914,21779.62444,22252.35771,21936.8226,20051.2426,20400.8109,22196.50736,27387.2258,31174.56118,31959.26215,33410.7482,37698.78573,40640.18465,36976.84512,35851.50807,38332.30037,34814.12436,35367.60305,35179.65395
Jamaica,JAM,GDP per capita (current US$),NY.GDP.PCAP.CD,1854.788842,1921.426028,1692.081517,1457.213633,1990.87193,1995.06399,2330.356939,2591.49217,2940.0639,3409.874974,3416.774615,3448.448874,3487.900025,3706.777706,3581.160016,3853.61404,4238.315843,4487.499707,4816.59587,5119.344953,4489.272772,4902.034731,5332.474361,5445.894718,5253.79101,5119.218417
Jordan,JOR,GDP per capita (current US$),NY.GDP.PCAP.CD,1315.209855,1238.644312,1227.714307,1418.607873,1416.710867,1501.307096,1557.222359,1557.595151,1593.841076,1711.763252,1736.686466,1774.088418,1850.0093,1939.722199,2021.40741,2205.795874,2360.530244,2722.666078,2970.889056,3655.858124,3800.675929,4054.270668,4266.077022,4423.117355,4656.219807,4830.976915
Japan,JPN,GDP per capita (current US$),NY.GDP.PCAP.CD,24505.7673,25123.63179,28540.77148,31013.64715,35451.29751,38814.89438,42522.06659,37422.86414,34304.14897,30969.73803,35004.06127,37299.64413,32716.41867,31235.58818,33690.93773,36441.50449,35781.17005,34075.97895,34033.70125,37865.61803,39322.60473,42935.25272,46229.97239,46701.008,38549.67801,36152.69002
Kazakhstan,KAZ,GDP per capita (current US$),NY.GDP.PCAP.CD,,1647.463231,1512.485066,1515.104059,1433.461534,1320.321622,1288.239052,1350.333866,1445.569414,1468.701798,1130.113592,1229.000958,1490.926751,1658.031146,2068.123657,2874.288291,3771.278957,5291.57565,6771.414797,8513.564645,7165.27705,9070.649972,12102.68686,12857.89881,14310.02502,13154.84459
Kenya,KEN,GDP per capita (current US$),NY.GDP.PCAP.CD,365.4061974,365.6178212,336.3641884,327.9748244,222.7240548,268.6455753,330.4831218,428.4338764,454.7417768,476.7185137,425.5935921,408.9818683,407.5540066,402.1703155,444.2336311,467.3787525,530.0821579,711.7211637,857.9256887,938.5717623,942.7431465,991.8505451,1012.879773,1184.923256,1261.092863,1368.491132
Kyrgyz Republic,KGZ,GDP per capita (current US$),NY.GDP.PCAP.CD,,608.9451631,575.9551334,513.0359215,449.0657902,372.30781,364.2264974,394.8601215,376.4296133,345.1381316,258.04934,279.620275,308.4090314,321.726538,380.5073624,433.2351189,476.5518917,543.1107024,721.7686908,966.3936272,871.2243893,880.0377751,1123.883168,1177.974735,1282.437162,1279.769783
Cambodia,KHM,GDP per capita (current US$),NY.GDP.PCAP.CD,,,,,253.1931946,269.567076,321.7746398,318.1495354,303.6859047,268.0430434,294.865212,299.5622376,319.6924597,337.8042535,361.0703476,407.0849062,472.4488559,537.8485827,629.2828776,742.9429233,735.4075239,782.6927899,879.1512441,946.4766787,1024.60887,1094.576688
Kiribati,KIR,GDP per capita (current US$),NY.GDP.PCAP.CD,417.1253511,392.3970541,648.5565477,665.0033427,641.9968714,732.9766097,741.1916122,860.0811268,862.3574229,822.7153617,850.8735676,799.8566112,734.9492461,827.3020845,1014.135333,1128.951514,1149.688033,1110.460493,1277.149405,1371.887152,1264.097741,1465.504574,1645.80974,1641.197419,1556.525787,1509.521187
St. Kitts and Nevis,KNA,GDP per capita (current US$),NY.GDP.PCAP.CD,4530.640195,5112.052525,5117.92443,5547.25625,5967.970169,6552.115272,6987.96089,7345.831231,8140.314051,8221.834537,8678.277379,9223.756223,9963.38901,10244.49991,9719.151513,10349.22536,11053.74474,12767.89514,13556.89495,14378.88426,13707.12331,13226.95231,13737.32272,13642.4956,14498.63484,15739.04676
"Korea, Rep.",KOR,GDP per capita (current US$),NY.GDP.PCAP.CD,5860.40382,6642.451218,7675.693138,8140.218706,8869.020761,10275.27753,12403.91322,13254.6374,12196.76978,8133.731245,10432.2108,11947.57725,11255.94789,12788.58018,14219.19359,15921.9392,18657.52125,20917.03024,23101.51023,20474.88685,18338.70637,22151.20889,24155.82985,24453.97191,25997.88105,27989.35399
Kosovo,KSV,GDP per capita (current US$),NY.GDP.PCAP.CD,,,,,,,,,,,,1087.762401,1490.361033,1587.505829,1969.562713,2135.332847,2190.552079,2371.662079,2788.479464,3254.860674,3209.694109,3283.211938,3736.840999,3600.887,3890.300665,4073.819117
Kuwait,KWT,GDP per capita (current US$),NY.GDP.PCAP.CD,11834.76827,8950.598481,5484.897777,,,,16610.36902,19228.20213,18001.0832,14687.60001,16254.403,19545.19345,17532.8578,18674.59853,22841.60249,27437.98242,35694.38171,42498.7402,45159.34147,54484.30051,36754.94587,37725.14121,47551.38297,50903.9046,48463.15167,43593.70202
Latin America & Caribbean (excluding high income),LAC,GDP per capita (current US$),NY.GDP.PCAP.CD,2220.741229,2546.519096,3102.206297,2833.454499,3227.928295,3650.34424,3797.781569,4024.301548,4333.233073,4288.73812,3784.102593,4132.332934,3959.893099,3473.34054,3519.083405,4003.042375,4803.128481,5568.831753,6530.320954,7552.002047,6996.41268,8613.34158,9683.712393,9626.98196,9735.344822,9605.179895
Lao PDR,LAO,GDP per capita (current US$),NY.GDP.PCAP.CD,173.0210927,203.764751,235.1770385,250.7925708,287.2867049,325.4709899,363.0338297,377.2769222,344.669513,247.8528561,276.707261,324.0196947,326.0306989,319.5325358,362.6677396,418.1732543,476.1624057,591.3647725,710.9803378,900.4995535,947.9555257,1147.095387,1300.979602,1445.86945,1700.987378,1751.396971
Lebanon,LBN,GDP per capita (current US$),NY.GDP.PCAP.CD,1015.461212,1050.116702,1617.271918,1965.337127,2597.593354,3226.980227,3863.246637,4457.939837,5093.267689,5538.664275,5509.32025,5334.880244,5253.097584,5436.587507,5425.66907,5424.217944,5339.42388,5372.475056,6015.802129,7015.605178,8403.109316,8763.795964,8728.565912,8773.931956,8388.973333,8148.639167
Liberia,LBR,GDP per capita (current US$),NY.GDP.PCAP.CD,367.9426191,182.7971869,168.436541,110.1705944,79.94621075,65.47315997,64.81015385,72.52703953,125.100939,140.5739059,161.1376655,182.9427573,173.7378992,176.8341989,133.1531498,149.0590939,168.2067267,178.4531394,209.8116109,231.4432221,302.2760708,326.6044381,378.8140624,414.1851554,453.339457,457.8585865
Libya,LBY,GDP per capita (current US$),NY.GDP.PCAP.CD,,6571.656342,7111.251191,7370.629779,6533.98582,5978.057395,5236.381806,5610.145235,6064.334811,5287.35622,6858.698684,7170.379234,6283.74364,3711.602774,4682.625724,5807.646288,8158.889554,9304.308502,11219.43296,14231.60089,10151.64587,11933.77926,5517.779569,13035.1922,10453.97044,6573.386737
St. Lucia,LCA,GDP per capita (current US$),NY.GDP.PCAP.CD,2291.297833,2874.457849,3078.434994,3367.736387,3426.581074,3562.987338,3814.003748,3802.113092,4002.881645,4295.725978,4465.686531,4975.472098,4679.379583,4656.461155,5007.778847,5449.325285,5723.344774,6410.200061,6896.086629,6915.418994,6774.129166,7043.506936,7195.669833,7248.234552,7319.523753,7647.529503
Latin America & Caribbean,LCN,GDP per capita (current US$),NY.GDP.PCAP.CD,2290.385952,2615.02405,3161.056605,2928.588477,3317.002276,3745.279536,3927.130048,4157.987479,4478.916578,4441.955596,3951.179408,4301.296043,4132.515735,3654.171598,3714.56996,4230.846449,5054.572803,5851.806151,6817.130132,7831.431616,7271.281724,8912.091571,10008.96338,9979.565589,10114.5175,9953.678065
Least developed countries: UN classification,LDC,GDP per capita (current US$),NY.GDP.PCAP.CD,319.6258878,320.1949097,325.9861907,283.5569939,279.834894,257.7411557,271.5897587,292.6177881,302.2607258,296.3177926,292.8242268,324.5589912,305.3150554,322.1067562,351.8011732,398.6612876,460.4939177,524.5518347,625.5145662,752.0595949,733.161937,800.601205,885.8352966,912.0026676,943.028851,992.2029131
Low income,LIC,GDP per capita (current US$),NY.GDP.PCAP.CD,288.0812882,299.1955496,298.9846483,255.3207124,247.1237683,202.7245749,227.3100414,246.5832673,248.1589436,244.2805106,238.1476588,267.5357088,235.0755803,247.0112517,263.9061295,292.6556932,328.8983617,355.0435791,412.0623097,483.0093121,493.2207215,519.299915,569.2740502,594.8668866,625.8677059,654.3131112
Liechtenstein,LIE,GDP per capita (current US$),NY.GDP.PCAP.CD,39429.10759,49452.38738,50982.81212,55288.50106,55916.7681,64157.05288,78763.81512,79931.46466,72181.10027,76635.61442,81116.39927,74631.65055,74021.93978,79088.62729,89553.90607,99926.93656,104995.9855,113830.0286,129870.1857,142254.6916,125107.6711,140101.9673,157092.9694,149160.7581,,
Sri Lanka,LKA,GDP per capita (current US$),NY.GDP.PCAP.CD,414.8962463,470.3449569,520.0718006,553.6984499,583.1836437,654.1762064,719.0039863,763.617912,823.6595472,853.4429201,843.1453634,875.412178,837.6990787,873.1472436,989.4547732,1074.661983,1259.807591,1448.76101,1644.816372,2054.489192,2106.787092,2819.651309,3221.151519,3350.685423,3610.195174,3852.88076
Lower middle income,LMC,GDP per capita (current US$),NY.GDP.PCAP.CD,459.7039444,481.9523244,454.1707125,467.5936608,458.5475044,489.2890808,538.8415958,579.8169455,587.8189052,522.0397218,557.3567939,578.2835782,574.9150272,605.9372434,682.4562026,766.9052716,866.7573751,1010.298452,1222.758905,1339.551454,1355.852967,1692.363153,1855.049063,1912.088685,1959.744608,2032.513915
Low & middle income,LMY,GDP per capita (current US$),NY.GDP.PCAP.CD,776.8450153,857.544088,899.9014091,873.8775418,913.5767933,974.3782941,1070.703081,1148.826585,1196.109455,1140.284746,1097.077834,1180.20321,1175.027707,1181.26447,1316.22482,1539.794229,1809.50603,2121.010305,2596.98665,3075.235523,2962.371901,3573.133831,4154.107706,4359.401067,4552.859335,4628.482658
Lesotho,LSO,GDP per capita (current US$),NY.GDP.PCAP.CD,287.5551419,340.8898691,373.9610731,433.9703345,426.1151116,437.6750561,489.8373657,458.6029246,477.2222978,449.8274486,435.7061756,415.5001187,377.4535887,348.3198669,510.4162979,645.4959592,710.5209821,736.3911944,816.8495857,826.8315402,859.8280659,1087.98277,1241.205706,1158.804222,1064.828322,1034.185288
Late-demographic dividend,LTE,GDP per capita (current US$),NY.GDP.PCAP.CD,1042.648039,1093.101642,1187.504503,1095.382776,1123.471367,1272.7209,1546.383314,1679.225269,1741.061125,1661.113281,1521.167305,1660.928548,1703.378387,1791.179138,2029.262918,2421.110508,2901.110014,3478.53604,4355.195787,5380.079247,5162.389759,6159.51728,7463.375627,7917.598208,8470.687649,8720.038732
Lithuania,LTU,GDP per capita (current US$),NY.GDP.PCAP.CD,,,,,,,2168.796099,2328.153808,2830.737533,3166.895648,3113.546428,3297.354701,3530.147337,4146.987928,5505.535669,6706.966998,7863.162009,9240.642548,12297.91535,14961.56818,11837.39103,11988.75797,14367.20932,14342.52348,15694.09629,16489.72898
Luxembourg,LUX,GDP per capita (current US$),NY.GDP.PCAP.CD,27831.02776,34990.46359,37376.30523,41374.06458,41892.52434,45935.22658,53357.84048,52396.59401,46552.40315,48055.68205,51903.92968,48992.31147,47680.38172,52240.89813,64669.93972,74970.92158,79494.20627,88680.23803,104841.4436,112851.4601,101221.81,103267.2765,113239.561,105447.0932,113726.639,116612.8842
Latvia,LVA,GDP per capita (current US$),NY.GDP.PCAP.CD,,,,,,,2327.930268,2428.228827,2681.117543,2976.049762,3150.050627,3351.469058,3571.547005,4128.638136,5128.97182,6344.980664,7550.142187,9651.70304,14019.37858,16323.76528,12207.58707,11319.517,13781.20979,13775.26158,15015.83468,15692.19156
"Macao SAR, China",MAC,GDP per capita (current US$),NY.GDP.PCAP.CD,7113.465094,8312.175674,9377.739572,12126.05066,13713.30585,14979.04126,16465.02637,16357.4003,16199.13528,14771.49505,13907.50458,14127.56667,15547.68192,16485.93642,18180.63902,23083.40016,25829.991,30829.26535,37200.10898,41235.0276,41187.79204,52604.32713,67150.27675,77145.0395,90746.10886,96074.83696
St. Martin (French part),MAF,GDP per capita (current US$),NY.GDP.PCAP.CD,,,,,,,,,,,,,,,,,,,,,,,,,,
Morocco,MAR,GDP per capita (current US$),NY.GDP.PCAP.CD,1065.39343,1199.190005,1259.476561,1291.740881,1192.179812,1318.996572,1423.673666,1551.582641,1388.100397,1463.302879,1439.534362,1328.172963,1334.115866,1413.238155,1724.525079,1955.141931,2023.252997,2204.258351,2510.983959,2905.95268,2883.850677,2857.673414,3066.503158,2931.4002,3153.772019,3190.310444
Monaco,MCO,GDP per capita (current US$),NY.GDP.PCAP.CD,68574.24526,84289.55954,83727.0488,91651.04996,85421.72583,89415.82812,101963.2221,101315.7077,90909.10287,93110.98102,91398.3113,82537.44647,82542.36444,89009.22023,108889.2173,123289.4941,126599.4033,135629.6057,170472.2849,193648.1322,152877.3657,145221.1916,163351.6467,,,
Moldova,MDA,GDP per capita (current US$),NY.GDP.PCAP.CD,,972.0930952,832.4334053,626.1293331,640.8298793,461.2009904,476.9873795,462.1720076,528.177763,448.8413622,321.0267965,354.001279,407.7302432,458.6778168,548.2896867,720.9409321,831.2052862,950.6482044,1230.434685,1695.972811,1525.526119,1631.535832,1970.571373,2046.536787,2243.979662,2244.763762
Madagascar,MDG,GDP per capita (current US$),NY.GDP.PCAP.CD,222.9305532,266.8922556,222.9855792,246.6148461,266.5990563,228.3049759,234.8927801,287.7714085,247.4504541,252.7817807,243.566786,246.2826349,278.987457,262.7418133,317.4220231,245.6704573,275.5158271,292.9908931,379.067252,472.3791008,417.1783092,414.1427872,456.3293071,444.9584938,462.9739991,467.1303343
Maldives,MDV,GDP per capita (current US$),NY.GDP.PCAP.CD,875.2379243,986.646813,1076.952831,1217.322045,1331.928274,1452.589319,1564.662569,1719.016519,1925.089403,1992.975637,2104.427691,2182.997011,3028.343042,3066.882655,3432.247841,3853.333408,3488.493769,4428.522898,5002.862285,5850.203319,6017.583854,6330.79498,6497.550443,6529.97807,7112.46822,7640.647153
Middle East & North Africa,MEA,GDP per capita (current US$),NY.GDP.PCAP.CD,1689.502853,2136.323906,2085.858644,2233.381563,2198.268307,2239.048173,2483.313956,2754.498341,2799.932041,2667.316996,2802.032508,3064.504394,3017.638867,2950.510725,3261.953485,3720.489504,4394.485383,5038.690138,5850.267084,7151.914038,6241.571658,7116.032031,8359.308305,8872.091234,8768.344924,8470.160059
Mexico,MEX,GDP per capita (current US$),NY.GDP.PCAP.CD,2657.600428,3068.702424,3600.045185,4080.452175,5544.932462,5690.674713,3640.833419,4131.805706,4907.333152,5038.629775,5722.122139,6649.716534,6952.289039,7023.787276,6673.166974,7115.121769,7893.968234,8666.335353,9222.883991,9578.570562,7661.208405,8861.49372,9730.277761,9720.561674,10197.44456,10350.81469
Marshall Islands,MHL,GDP per capita (current US$),NY.GDP.PCAP.CD,1589.024949,1659.112051,1701.841959,1844.052489,1987.153361,2136.761769,2356.526852,2156.896317,2056.001496,2093.564732,2073.486695,2126.832872,2206.656116,2391.347403,2434.761306,2517.693389,2645.981405,2758.382926,2878.464877,2925.900483,2907.631468,3124.343448,3290.029185,3502.260704,3602.853944,3529.748303
Middle income,MIC,GDP per capita (current US$),NY.GDP.PCAP.CD,817.8546529,904.3398012,950.4920065,926.1624465,970.411827,1040.298121,1143.725802,1227.95515,1280.165956,1220.82147,1175.333532,1264.649593,1262.86324,1270.015788,1417.626694,1661.682578,1956.320126,2298.529846,2819.844878,3343.77463,3222.330619,3899.358593,4543.010144,4774.370917,4992.738705,5080.784815
"Macedonia, FYR",MKD,GDP per capita (current US$),NY.GDP.PCAP.CD,,2240.140336,2360.997767,1171.765237,1297.859379,1728.51994,2277.59157,2258.159242,1896.728172,1799.701399,1837.230208,1875.127132,1835.014521,1980.752878,2431.836776,2787.773056,3063.595426,3351.30259,4063.74594,4821.540575,4566.341332,4561.177546,5079.962079,4709.511628,5219.535681,5453.281275
Mali,MLI,GDP per capita (current US$),NY.GDP.PCAP.CD,262.1523172,316.1858565,314.1085157,318.3700932,308.6345744,221.859916,280.7307872,280.8210863,265.2542972,279.5986937,320.3511094,267.4164348,304.6129887,331.805202,389.0773607,436.4358059,484.8106143,518.3944292,592.0169225,685.5477913,692.8426783,704.0646209,829.8492313,772.2499217,798.3184808,842.1143372
Malta,MLT,GDP per capita (current US$),NY.GDP.PCAP.CD,6040.839467,7192.394285,7688.027507,8365.0131,7428.475601,8149.416324,9717.501938,9852.310011,9683.145408,10091.2798,10301.42329,10377.03732,9967.790407,10849.75028,12844.58799,14064.2296,14834.43237,15705.34022,18356.96828,20895.7805,19636.00628,19694.08316,22347.70842,21176.30998,22776.19469,
Myanmar,MMR,GDP per capita (current US$),NY.GDP.PCAP.CD,,,,,,,,,,,,,,,,,,,,,,,,1421.483864,1106.991576,1203.844721
Middle East & North Africa (excluding high income),MNA,GDP per capita (current US$),NY.GDP.PCAP.CD,,,,,1202.297754,1207.04929,1348.28951,1532.08108,1542.584526,1535.754987,1593.911204,1621.864704,1648.904542,1573.346232,1744.983952,1964.767758,2277.65486,2600.077471,3160.323119,3838.847182,3629.185818,4106.108526,4663.146626,4968.258376,4738.061926,4378.61083
Montenegro,MNE,GDP per capita (current US$),NY.GDP.PCAP.CD,,,,,,,,,,,,1627.042893,1909.635435,2106.339013,2789.081582,3380.199535,3674.52653,4383.595097,5957.145693,7325.703474,6698.079439,6682.281158,7318.74469,6586.721279,7186.811455,7378.044404
Mongolia,MNG,GDP per capita (current US$),NY.GDP.PCAP.CD,1670.694431,1172.443066,1072.634868,587.3003521,339.5194007,405.9719883,631.915161,580.9100758,505.6031387,477.35013,445.0063899,474.2129566,524.024766,571.5383906,646.1191681,797.9051521,998.8222994,1334.405712,1633.384335,2138.37674,1717.073137,2650.346885,3772.931547,4377.23887,4400.614515,4201.737711
Northern Mariana Islands,MNP,GDP per capita (current US$),NY.GDP.PCAP.CD,,,,,,,,,,,,,,,,,,,,,,,,,,
Mozambique,MOZ,GDP per capita (current US$),NY.GDP.PCAP.CD,175.5510596,187.8638173,237.886072,161.3051156,162.0765429,160.1679279,158.4693492,214.7273267,250.536308,281.4076755,298.3297189,274.6562556,253.6631646,260.0436726,280.8725683,332.882912,365.5968499,382.3779583,418.9129864,499.8870858,461.4252187,417.5012315,524.8914529,564.8124631,605.2344447,622.6380644
Mauritania,MRT,GDP per capita (current US$),NY.GDP.PCAP.CD,498.5242299,503.8387137,693.8203377,684.2155898,567.588971,580.5384571,606.3913117,600.1377127,566.1714107,538.9589654,534.5120054,477.1129881,463.2714185,459.1255459,525.4587743,598.2105479,692.5759654,937.9827017,1008.554705,1180.549514,1045.790409,1207.827458,1402.669129,1385.004682,1457.836387,1370.985212
Mauritius,MUS,GDP per capita (current US$),NY.GDP.PCAP.CD,2084.262361,2506.184933,2669.326279,2973.205385,2973.793608,3197.336958,3599.551751,3899.442435,3646.637842,3593.241569,3651.231078,3861.038543,3792.187577,3957.512906,4623.351784,5229.873568,5116.039642,5455.06563,6285.78905,7749.318438,7082.2957,7772.100057,8984.629769,9113.640643,9479.86959,10002.87048
Malawi,MWI,GDP per capita (current US$),NY.GDP.PCAP.CD,175.2657591,199.8920812,229.4346495,185.8457706,213.5208354,121.5144013,142.2661985,227.9496562,259.5642989,165.7193407,163.1898022,155.7643582,149.3672432,296.5202605,265.4293545,280.1773587,286.7851511,304.904164,328.4051887,382.6780362,432.0680766,471.2077524,525.6517393,383.9694598,340.8794205,362.2474866
Malaysia,MYS,GDP per capita (current US$),NY.GDP.PCAP.CD,2193.958666,2417.436902,2626.574975,3080.868615,3395.525947,3685.935138,4280.016572,4743.688487,4585.691035,3227.808418,3456.500395,4004.557191,3878.771409,4132.667741,4431.239455,4924.585852,5564.173231,6194.671905,7240.681967,8486.599333,7312.008314,9069.041757,10427.75605,10834.65908,10973.65594,11307.06495
North America,NAC,GDP per capita (current US$),NY.GDP.PCAP.CD,22694.96805,23696.37127,24131.30752,25021.26256,25822.08039,26988.83444,27968.72921,29189.84619,30604.98659,31761.24161,33397.98091,35242.0642,35942.43627,36794.85361,38550.0799,40948.23418,43514.08192,45849.04082,47723.72747,48232.31001,46394.38485,48289.71759,50016.95944,51545.16264,52627.00974,53982.33165
Namibia,NAM,GDP per capita (current US$),NY.GDP.PCAP.CD,1871.793321,1981.251916,2054.863396,2278.09468,2063.813515,2264.654742,2383.293942,2313.509303,2333.573585,2114.197108,2056.163961,2059.409015,1836.755321,1716.895883,2489.893946,3298.90165,3582.25982,3884.646834,4195.936393,4011.301169,4123.939997,5143.130676,5539.61516,5679.829129,5420.81169,5342.94446
New Caledonia,NCL,GDP per capita (current US$),NY.GDP.PCAP.CD,13092.26473,14800.02869,15133.16224,16261.29693,16640.80235,16037.02524,18721.05644,18257.21505,16341.58735,15387.86958,14611.8328,12579.59511,,,,,,,,,,,,,,
Niger,NER,GDP per capita (current US$),NY.GDP.PCAP.CD,284.1221367,313.5376232,284.9839054,277.7654527,183.9772967,172.9386001,200.8994917,204.888293,183.4781735,199.0612129,186.4996546,160.2183423,167.0912301,179.7352705,218.047123,234.9104279,252.5046155,260.56377,295.3931987,358.1914055,344.3756411,351.0062183,378.2005466,393.643423,417.6703093,431.3816821
Nigeria,NGA,GDP per capita (current US$),NY.GDP.PCAP.CD,260.04757,321.6683709,279.2757823,291.2834845,153.0756655,171.0247982,263.2880379,314.7399021,314.2998494,273.8697972,299.3567659,377.5002693,350.2601822,457.3970476,510.2962953,645.7638712,804.0059952,1014.734742,1131.147695,1376.857449,1091.968527,2314.963537,2514.148622,2739.852189,2979.84415,3203.244296
Nicaragua,NIC,GDP per capita (current US$),NY.GDP.PCAP.CD,249.8444627,243.5613194,351.3978396,413.9198799,396.7974009,854.5495269,897.7156165,916.5190995,917.1286485,951.8731568,981.020291,1016.021552,1043.600758,1010.146886,1015.565895,1091.505157,1175.116443,1245.142099,1350.587222,1517.803611,1478.971389,1523.481469,1679.7482,1776.209244,1829.024989,1960.490908
Netherlands,NLD,GDP per capita (current US$),NY.GDP.PCAP.CD,17175.64537,21019.12567,21454.86289,23598.95076,22827.30004,24331.75402,28884.71352,28698.66602,26404.98673,27533.60679,27951.73429,25921.12794,26584.12169,28817.32321,35245.16407,39954.64222,41577.16009,44453.97119,51241.31562,56928.82048,51900.34009,50341.25192,53537.27515,49474.70561,51425.07899,52138.68392
Norway,NOR,GDP per capita (current US$),NY.GDP.PCAP.CD,24281.09614,28242.94374,28596.933,30523.98506,27963.66522,29315.84191,34875.19739,37321.44339,36628.51742,34788.77856,36371.39579,38146.71539,38549.58934,43061.15038,50111.65445,57570.26916,66775.3944,74114.69715,85128.65759,96880.50961,80017.77681,87646.2701,100575.1173,101563.7027,102910.435,97429.70848
Nepal,NPL,GDP per capita (current US$),NY.GDP.PCAP.CD,192.7888638,193.5556313,203.8472967,172.0775865,180.1850079,194.9610926,205.7465272,206.4409708,219.6310635,212.3742546,215.8966735,231.4329676,248.8329359,246.8035835,254.5539382,288.6695954,318.7480983,350.608465,396.1697728,476.5565582,483.4034115,595.4275198,695.8831983,685.4967586,692.3363094,701.6800634
Nauru,NRU,GDP per capita (current US$),NY.GDP.PCAP.CD,,,,,,,,,,,,,,,,,,,,,,,,,,
New Zealand,NZL,GDP per capita (current US$),NY.GDP.PCAP.CD,13312.2062,13663.2011,12230.07345,11792.98869,13094.19063,15280.48144,17400.42018,18794.43604,17474.02032,14738.3076,15321.95319,13641.10272,13882.85683,16874.31232,21913.70817,25420.23488,27750.89515,26670.86452,32509.73471,31287.61364,28200.94193,33692.1696,38426.69533,40066.5648,42928.09633,44380.42658
OECD members,OED,GDP per capita (current US$),NY.GDP.PCAP.CD,15636.31506,17472.18195,18313.74755,19511.90224,19628.3338,20787.129,22597.91525,22611.41779,22124.05361,22165.22591,23125.43767,23436.05217,23063.18587,23907.86344,26605.58327,29406.76869,30853.16566,32307.5203,35080.91575,36834.20083,34218.93749,35635.75993,38015.92171,37720.74773,37819.77578,38271.80473
Oman,OMN,GDP per capita (current US$),NY.GDP.PCAP.CD,5380.229641,6448.134853,5993.348171,6289.301294,6046.230265,6038.149179,6297.197627,6882.594636,7109.660475,6330.726745,7059.214725,8710.987805,8559.565811,8670.263784,9070.494699,10115.04361,12398.59435,14575.1604,16225.65999,22963.37816,17518.83331,19920.64957,21164.33576,21533.8076,20011.34778,19309.61245
Other small states,OSS,GDP per capita (current US$),NY.GDP.PCAP.CD,2646.671227,3094.939876,3117.252314,3335.78547,3117.35614,3209.320458,3628.642525,3763.46745,3836.583083,3690.688958,3895.964964,4319.298926,4217.37874,4472.611228,5455.816075,6630.047245,7873.252155,8998.341707,10710.07587,12734.32245,10593.01838,12047.89984,14719.45131,15110.52145,15429.9989,15653.19829
Pakistan,PAK,GDP per capita (current US$),NY.GDP.PCAP.CD,384.2988266,371.817707,410.8302765,428.0656441,441.5721331,434.0301412,494.5852085,503.749452,484.5586947,471.1023571,465.9272423,534.915837,511.8111261,501.1854545,565.3238448,652.020213,714.03681,876.9511089,953.795686,1042.801705,1009.799319,1043.300205,1230.815428,1266.380758,1275.71275,1315.267622
Panama,PAN,GDP per capita (current US$),NY.GDP.PCAP.CD,2138.752935,2276.681721,2451.908735,2730.532864,2921.531506,3052.416987,3057.241105,3531.642113,3742.755471,3975.948991,4083.949528,4062.392683,4050.026645,4132.064331,4275.983502,4604.436193,4933.050031,5370.548926,6095.280418,7008.98825,7471.341386,7987.060372,9335.691621,10672.35895,11786.63317,12712.43133
Peru,PER,GDP per capita (current US$),NY.GDP.PCAP.CD,1024.993383,1177.920121,1514.720686,1547.294318,1476.254783,1849.835921,2162.757199,2208.401712,2289.16201,2164.088509,1929.983813,1967.24321,1964.573039,2046.377424,2191.37156,2445.446488,2714.480116,3143.550031,3611.204843,4244.539661,4178.820714,5056.295313,5731.698868,6389.630576,6609.713369,6549.389229
Philippines,PHL,GDP per capita (current US$),NY.GDP.PCAP.CD,704.9907929,715.3107015,715.1252434,814.0325684,815.6645634,939.1022023,1061.347899,1159.730934,1127.345617,967.1935906,1087.958344,1039.701796,958.011579,1000.777728,1011.286644,1080.086184,1196.539849,1395.212633,1678.851988,1929.132897,1836.87412,2145.240007,2371.853537,2604.655997,2786.950468,2872.512165
Palau,PLW,GDP per capita (current US$),NY.GDP.PCAP.CD,,5095.63258,5420.140909,5187.555052,4644.050168,4970.365963,5519.385685,6114.891212,6246.923798,6333.405312,6011.494862,7786.586002,8245.722531,8352.490421,8116.751269,8851.300177,9710.152208,9729.162502,9742.519137,9793.839917,9162.406606,8978.993649,9701.057944,10319.9075,10932.64496,11892.68616
Papua New Guinea,PNG,GDP per capita (current US$),NY.GDP.PCAP.CD,874.0708169,774.3639919,888.6466039,1001.962989,1110.245078,1197.234913,983.0753347,1065.114498,993.4574037,742.7872918,663.9585833,655.2502302,558.8829823,530.5840587,610.2002911,661.125039,799.4164059,886.4202669,992.6737493,1223.202978,1210.871723,1418.923591,1838.699199,2151.210277,2108.831643,2268.172539
Poland,POL,GDP per capita (current US$),NY.GDP.PCAP.CD,,1698.006922,2192.66598,2411.859496,2449.301908,2819.689466,3612.159514,4066.842029,4076.352838,4483.236888,4351.374605,4492.727604,4981.198619,5196.932921,5693.377763,6639.963052,7976.066768,8999.739627,11247.55148,13906.2182,11440.57813,12597.45879,13891.14169,13142.04599,13776.45476,14337.20637
Pre-demographic dividend,PRE,GDP per capita (current US$),NY.GDP.PCAP.CD,253.5606487,403.4968985,398.2706881,357.9903729,317.0576262,286.7523321,322.0036612,349.3469893,354.8302535,341.7317774,337.7135201,383.3475825,353.2743744,405.4738137,455.478508,536.1858887,645.5533873,781.7771027,928.3779545,1150.165792,1010.625726,1361.163285,1529.246883,1624.679431,1722.728843,1771.522304
Puerto Rico,PRI,GDP per capita (current US$),NY.GDP.PCAP.CD,8063.212243,8652.507492,9064.018517,9659.3389,10212.27676,10876.41882,11579.185,12173.16369,12817.64496,14304.40737,15220.97924,16192.1296,18243.71775,18972.76853,19820.20729,20988.99233,21959.32271,22935.94115,23664.88235,24898.33884,25768.73605,26435.73308,27278.84523,27811.5558,28703.73237,
"Korea, Dem. Peoples Rep.",PRK,GDP per capita (current US$),NY.GDP.PCAP.CD,,,,,,,,,,,,,,,,,,,,,,,,,,
Portugal,PRT,GDP per capita (current US$),NY.GDP.PCAP.CD,6056.977177,7885.394019,8959.867208,10811.63064,9535.594849,9978.301937,11782.52148,12185.06389,11578.44151,12202.69141,12474.81808,11502.39681,11729.14616,12882.28897,15772.7334,18045.5881,18784.9485,19821.44463,22780.05845,24815.60884,23063.97161,22539.99601,23194.74096,20577.40264,21618.73534,22124.36709
Paraguay,PRY,GDP per capita (current US$),NY.GDP.PCAP.CD,1120.875394,1351.578779,1615.479607,1614.673376,1596.144879,1692.239625,1903.467994,2009.649903,2000.910277,1773.24128,1614.903727,1545.625548,1417.26032,1148.229049,1174.779765,1408.527483,1507.145951,1809.710231,2312.192538,3059.985099,2599.592016,3225.591754,3983.498504,3858.036492,4479.955052,4712.870205
Pacific island small states,PSS,GDP per capita (current US$),NY.GDP.PCAP.CD,1342.038274,1426.361135,1500.717967,1618.531791,1676.342356,1898.778384,2018.929289,2136.620547,2105.968228,1788.148611,1923.162746,1772.558607,1715.810787,1791.539594,2082.321581,2379.811308,2576.103489,2672.060793,2904.597118,3057.811904,2681.503837,2925.708101,3427.688822,3579.791737,3643.978403,3807.047313
Post-demographic dividend,PST,GDP per capita (current US$),NY.GDP.PCAP.CD,17035.6096,19009.49612,19914.22533,21221.01595,21246.58819,22605.71478,24777.7822,24766.25503,24201.44359,24165.53534,25242.26904,25526.26547,25176.49982,26142.56171,29191.03175,32271.49661,33784.08818,35363.57086,38389.996,40306.82094,37757.61146,39218.20479,41901.24184,41713.32047,41792.11934,42362.434
French Polynesia,PYF,GDP per capita (current US$),NY.GDP.PCAP.CD,13572.58733,16036.73088,16173.48584,17334.40076,17732.74842,16647.1582,18505.45932,18034.75376,15943.3189,16530.17251,16299.28428,14530.22602,,,,,,,,,,,,,,
Qatar,QAT,GDP per capita (current US$),NY.GDP.PCAP.CD,14010.8925,15447.59509,14189.48223,15614.97583,14542.37514,14892.49498,16242.72129,17698.72541,21388.72409,18693.32583,21717.83737,29926.36335,28577.3016,30523.49077,35221.52643,43346.86426,53207.33365,61593.67297,67612.49404,82990.07096,61463.90358,70870.22658,89115.90149,94407.40692,96076.99638,96732.52903
Romania,ROU,GDP per capita (current US$),NY.GDP.PCAP.CD,1789.644638,1650.692978,1260.749045,1102.103785,1158.132516,1323.104325,1660.272768,1643.88046,1589.014061,1864.991387,1610.13437,1668.162731,1839.72945,2124.873613,2774.955806,3552.92452,4676.315183,5828.745662,8214.185378,10136.47356,8220.108329,8297.483621,9200.277825,8558.397606,9585.266593,10011.78592
Russian Federation,RUS,GDP per capita (current US$),NY.GDP.PCAP.CD,3428.762018,3485.112202,3485.056,3095.659779,2929.462119,2663.394599,2665.739722,2643.897696,2737.556662,1834.846937,1330.751464,1771.586602,2100.362386,2375.059044,2975.132778,4102.372294,5323.473877,6920.194398,9101.256706,11635.27424,8562.813697,10674.9972,14212.08089,15154.47228,15543.69784,13902.14285
Rwanda,RWA,GDP per capita (current US$),NY.GDP.PCAP.CD,332.2268769,351.2778271,270.3286654,302.2568044,312.9228082,125.6901275,218.7703012,226.6981976,284.5872453,282.2886646,239.633609,216.2758944,201.0640419,196.4447015,212.5120519,236.6292142,286.5674694,336.942281,398.2084859,491.9404166,529.5965562,553.5974576,606.9028864,667.4145823,678.9981669,697.6265013
South Asia,SAS,GDP per capita (current US$),NY.GDP.PCAP.CD,345.2813586,363.6563371,316.1844276,328.6336395,318.5618714,354.0827814,385.3539007,413.2559803,425.1462802,422.8353817,444.7206108,453.9946411,457.6179244,472.78124,542.7072816,618.8082142,697.5542343,785.0117451,979.1317445,981.3447022,1063.158541,1285.524399,1370.95494,1370.206524,1391.298216,1501.07409
Saudi Arabia,SAU,GDP per capita (current US$),NY.GDP.PCAP.CD,6030.268793,7137.392024,7775.701542,7834.236208,7386.668213,7310.950345,7555.965332,8159.980674,8328.970985,7180.15044,7728.676388,8808.875367,8315.739302,8317.908575,9186.310388,10756.01622,13273.6535,14826.9167,15947.40579,19436.85716,15655.08337,18753.98123,23256.09561,24883.18971,24646.02087,24406.46782
Sudan,SDN,GDP per capita (current US$),NY.GDP.PCAP.CD,610.4595096,481.4966695,428.4327166,256.59285,313.693287,437.6980635,458.7780296,290.4369043,365.5484798,342.2699903,315.9880041,352.5015707,368.5180134,402.2254331,466.0338722,550.7465691,661.6262771,868.322775,1081.159321,1248.355269,1183.206775,1421.532942,1596.44521,1662.287641,1726.080156,1875.843287
Senegal,SEN,GDP per capita (current US$),NY.GDP.PCAP.CD,674.3733981,760.7787608,724.8458955,751.48088,689.6680371,457.4790204,560.0805182,566.683321,509.9214334,535.8884987,534.8552062,474.5771245,482.0680429,513.3918328,642.6259945,732.3181056,772.6524454,808.2884239,948.5067592,1094.576476,1018.389551,998.1196955,1081.131518,1019.27223,1051.376421,1067.131753
Singapore,SGP,GDP per capita (current US$),NY.GDP.PCAP.CD,10380.15132,11864.53369,14505.02039,16144.00819,18302.4304,21578.46053,24936.83083,26263.01627,26386.45745,21824.03558,21795.69696,23792.60707,21577.07823,22016.83279,23573.62804,27405.27136,29869.85398,33579.85948,39223.58187,39721.04818,38577.55822,46569.67951,53093.67015,54451.21033,55617.6125,56007.28821
Solomon Islands,SLB,GDP per capita (current US$),NY.GDP.PCAP.CD,1095.722985,970.0689337,998.7252018,1147.867918,1210.413374,1330.727669,1445.662731,1529.793228,1495.079761,1206.633242,1201.573044,1055.210356,945.5289267,785.6255585,745.4571873,819.3012297,881.9647785,950.0576951,1048.771486,1208.344196,1161.22881,1276.348513,1648.854127,1866.707246,1890.000903,2024.202861
Sierra Leone,SLE,GDP per capita (current US$),NY.GDP.PCAP.CD,240.5682445,165.2532318,197.6688858,173.0635022,197.4406409,236.3358888,226.8896637,245.6898333,221.2109347,173.3609028,169.515997,156.5918666,255.7885644,280.1811714,295.0797751,293.8545066,320.9953668,359.5337138,400.3809371,453.7363655,440.9244597,453.0220407,505.263717,637.6522088,802.5356255,792.5835504
El Salvador,SLV,GDP per capita (current US$),NY.GDP.PCAP.CD,843.3697753,914.094639,998.0126188,1104.329226,1270.26929,1462.659632,1699.93503,1827.899428,1956.098589,2093.487271,2158.142965,2259.888269,2363.271031,2435.472748,2549.886636,2666.339695,2874.257256,3108.592529,3358.421252,3569.335393,3431.280068,3547.070983,3821.33859,3921.720395,3998.739499,4102.063852
San Marino,SMR,GDP per capita (current US$),NY.GDP.PCAP.CD,,,,,,,,,,,31493.2974,28224.20286,29354.5509,31268.46741,39375.2288,45597.516,47035.65435,49682.09366,56489.50138,62993.36722,,,,,,
Somalia,SOM,GDP per capita (current US$),NY.GDP.PCAP.CD,,,,,,,,,,,,,,,,,,,,,,,,,521.2230393,542.615884
Serbia,SRB,GDP per capita (current US$),NY.GDP.PCAP.CD,,,,,,,2196.618467,2749.966439,3178.831484,2416.069077,2441.430389,870.1365252,1634.875061,2149.909404,2832.490652,3331.228766,3528.131008,4129.758741,5458.121718,6701.773913,5821.305397,5411.877404,6423.291783,5659.380204,6353.826383,6200.173221
Sub-Saharan Africa (excluding high income),SSA,GDP per capita (current US$),NY.GDP.PCAP.CD,618.6866926,602.7029912,609.7618152,585.7700147,548.6786241,523.7431886,576.9128493,581.0183156,585.0131233,537.1735488,527.0281052,549.778489,498.2124915,520.082278,647.2129512,783.8136332,897.3297997,1019.376472,1153.046406,1280.456672,1190.56097,1550.223691,1699.643943,1728.32897,1768.89544,1799.341364
South Sudan,SSD,GDP per capita (current US$),NY.GDP.PCAP.CD,,,,,,,,,,,,,,,,,,,,1688.654047,1271.031728,1563.904195,1696.145667,944.2828116,1157.486958,1115.093515
Sub-Saharan Africa,SSF,GDP per capita (current US$),NY.GDP.PCAP.CD,619.2130889,603.347845,610.397397,586.5026868,549.4693528,524.5371403,577.714298,581.7878239,585.8593925,538.0754248,527.9289033,550.6391846,499.0680633,521.0194427,648.1212743,784.863845,898.4438454,1020.569792,1154.212368,1281.491378,1191.435461,1551.17433,1700.665152,1729.392554,1770.216179,1800.633038
Small states,SST,GDP per capita (current US$),NY.GDP.PCAP.CD,2597.906217,2950.733353,2953.414868,3092.562845,2978.657302,3094.8338,3457.51311,3621.899404,3761.990294,3719.146397,3927.146921,4295.449969,4242.790735,4483.007174,5285.253212,6264.923616,7346.817525,8346.898924,9789.492334,11530.19395,9617.979129,10816.64681,12976.80076,13333.53612,13658.24295,13891.15083
Sao Tome and Principe,STP,GDP per capita (current US$),NY.GDP.PCAP.CD,,,,,,,,,,,,,515.9195477,562.826237,658.2801399,703.6625567,824.0121598,858.587831,911.057012,1158.930801,1151.691965,1142.182311,1374.131921,1488.048003,1675.747569,1810.721562
Suriname,SUR,GDP per capita (current US$),NY.GDP.PCAP.CD,1355.84918,951.0723138,1077.468106,955.2095039,995.1105188,1381.51989,1556.581182,1897.112821,2014.016323,2014.461489,1861.596524,1855.77231,1576.724046,2217.697802,2606.827725,3033.018889,3645.894998,5295.623648,5862.050975,6973.098239,7561.450701,8430.905965,8448.504261,9422.270994,9618.350531,9680.115914
Slovak Republic,SVK,GDP per capita (current US$),NY.GDP.PCAP.CD,,2395.564582,2680.041026,2908.810832,3089.438276,3755.727737,4799.151051,5177.748864,5138.148679,5533.588845,5636.579532,5402.929754,5708.082659,6524.861878,8696.913242,10654.79371,11631.35457,13100.36527,16014.59869,18604.31923,16460.22111,16554.8788,18138.72342,17207.27849,18108.52175,18501.42962
Slovenia,SVN,GDP per capita (current US$),NY.GDP.PCAP.CD,,,,,,,10690.66198,10801.4311,10447.93775,11165.27502,11441.99623,10227.73488,10479.29778,11814.10209,14880.46899,17260.90239,18169.17979,19726.12575,23841.32389,27501.81752,24633.79608,23438.84716,24983.69373,22477.60381,23144.11672,24001.88013
Sweden,SWE,GDP per capita (current US$),NY.GDP.PCAP.CD,25300.39512,30162.31577,31374.11699,32338.50395,24080.89967,25747.24169,29914.33175,32587.2641,29897.79263,30143.62746,30577.08177,29283.00505,26969.24457,29571.70446,36961.42537,42442.22045,43085.35315,46256.4716,53324.37937,55746.84238,46207.0592,52076.43052,59593.6848,57134.07707,60283.24522,58899.97979
Swaziland,SWZ,GDP per capita (current US$),NY.GDP.PCAP.CD,835.8506543,1292.057418,1303.065206,1415.023382,1465.311842,1503.133746,1763.476293,1627.984086,1705.172944,1532.918723,1476.776192,1433.18124,1255.474129,1131.243533,1704.153913,2211.089257,2339.300374,2636.320016,2690.928392,2617.360094,2679.6706,2956.696795,4093.384237,3988.667167,3648.0749,3477.149246
Sint Maarten (Dutch part),SXM,GDP per capita (current US$),NY.GDP.PCAP.CD,,,,,,,,,,,,,,,,,,,,,,,,,,
Seychelles,SYC,GDP per capita (current US$),NY.GDP.PCAP.CD,4393.164054,5265.496556,5290.927229,6051.986461,6517.814629,6580.334184,6748.931109,6583.201018,7280.989621,7715.918147,7747.612159,7578.851053,7663.13708,8333.551352,8523.005025,10173.57488,11086.89089,12014.39987,12154.82994,11122.86207,9706.95606,10804.68447,12189.09516,12845.17363,15695.89834,15563.79422
Syrian Arab Republic,SYR,GDP per capita (current US$),NY.GDP.PCAP.CD,815.0905237,988.5223252,1012.81485,1005.109809,1010.053364,726.0599561,795.195144,935.7604034,957.3172087,976.366134,993.8297409,1181.719202,1263.885859,1269.729208,1261.42609,1419.593379,1591.530192,1779.821049,2079.987864,,,,,,,
Turks and Caicos Islands,TCA,GDP per capita (current US$),NY.GDP.PCAP.CD,,,,,,,,,,,,,,,,,,,,,,,,,,
Chad,TCD,GDP per capita (current US$),NY.GDP.PCAP.CD,248.503808,291.8091874,305.1655083,296.3458445,223.1712788,174.1945723,206.5117899,221.9471769,206.119566,224.8400976,190.8154106,166.0080155,197.3022751,220.7953519,292.5815828,454.6552834,660.1815568,712.0468098,801.4016004,929.2796449,803.9143523,895.8779959,988.4431598,972.6793451,985.095322,1024.668354
East Asia & Pacific (IDA & IBRD countries),TEA,GDP per capita (current US$),NY.GDP.PCAP.CD,400.3156538,422.7975526,453.7174927,500.4218834,534.9654546,635.3890323,774.4969748,878.8091792,899.2000118,814.4330677,886.1088152,966.4008031,1019.799212,1118.437944,1253.266182,1441.4501,1652.960754,1973.161048,2476.425129,3107.881851,3343.507826,4024.736324,4882.548189,5406.386539,5912.926203,6308.661066
Europe & Central Asia (IDA & IBRD countries),TEC,GDP per capita (current US$),NY.GDP.PCAP.CD,2244.459778,2371.422489,2342.311636,2183.05539,2145.662802,1923.727422,2107.721121,2172.401673,2245.102193,2154.687107,1864.936686,2034.127159,2076.14461,2330.348083,2865.284089,3695.370989,4619.015975,5583.667979,7161.14143,8832.535688,6962.021448,8135.574487,9796.561421,10063.47538,10475.41657,9877.87245
Togo,TGO,GDP per capita (current US$),NY.GDP.PCAP.CD,367.2193795,430.01123,412.2352458,424.9015676,302.2241022,235.0388475,305.6245277,333.5916167,332.6223324,343.2228479,331.9725731,265.5016597,266.1345687,286.7580816,316.7920687,356.8308035,379.1809289,384.2885556,428.4015618,522.625007,508.5405257,496.4824942,572.0257032,573.2074765,589.0140537,629.9976439
Thailand,THA,GDP per capita (current US$),NY.GDP.PCAP.CD,1294.519446,1508.287909,1716.610348,1929.533108,2213.169379,2497.898285,2856.246392,3056.752646,2480.476091,1855.900383,2043.905832,2016.041015,1896.971003,2093.979206,2349.384526,2643.478935,2874.386274,3351.117633,3962.750499,4384.782675,4231.140368,5111.909202,5539.494368,5915.221147,6225.052283,5969.940116
Tajikistan,TJK,GDP per capita (current US$),NY.GDP.PCAP.CD,,496.3664537,468.0240177,345.6771837,293.1731154,236.0452889,212.9067853,178.0711659,155.2766173,219.5706981,178.2974897,139.1091416,171.812885,190.6049112,237.8931931,311.4241128,339.7680768,407.2526117,523.9476512,711.5036299,671.5440088,744.1898922,841.2198704,962.4391249,1048.666906,1113.366354
Turkmenistan,TKM,GDP per capita (current US$),NY.GDP.PCAP.CD,842.161986,869.5582446,850.424515,824.4621526,796.4158445,625.347602,592.6987853,557.510449,565.0576697,592.8360328,550.7870249,645.2771015,776.5722304,969.9700335,1286.014261,1455.93605,1706.956726,2140.455472,2606.741976,3918.934927,4059.961511,4479.012354,5724.537102,6797.721166,7480.321678,8193.720297
Latin America & the Caribbean (IDA & IBRD countries),TLA,GDP per capita (current US$),NY.GDP.PCAP.CD,2219.462983,2546.650588,3118.015334,2879.246761,3274.911368,3697.473992,3875.137022,4119.234952,4440.856863,4389.726119,3871.58228,4220.031471,4029.934848,3529.949811,3583.038109,4101.482983,4932.259845,5726.330898,6702.219237,7732.244158,7153.14329,8828.794918,9941.684759,9903.080602,10031.20844,9867.966969
Middle East & North Africa (IDA & IBRD countries),TMN,GDP per capita (current US$),NY.GDP.PCAP.CD,,,,,1201.957854,1206.978728,1348.355067,1534.194352,1544.047585,1536.297702,1594.709007,1623.238665,1652.194939,1577.867529,1750.320379,1971.74046,2286.862314,2613.128379,3178.298385,3861.603563,3648.415144,4126.668664,4686.673572,4994.251742,4758.92913,4395.550769
Timor-Leste,TLS,GDP per capita (current US$),NY.GDP.PCAP.CD,,,,,,,,,,,,434.37974,522.0315806,496.1797512,487.3949761,484.088449,501.4292265,464.8351692,551.7205984,673.3745379,780.2611109,875.8365693,1015.715928,1127.108215,1117.731251,1131.230851
Tonga,TON,GDP per capita (current US$),NY.GDP.PCAP.CD,1120.091581,1193.49905,1387.152076,1436.437373,1449.670104,2025.292576,2112.307083,2283.190572,2197.906519,1946.490992,1998.701222,1926.732502,1697.004072,1836.290404,2089.217043,2357.146474,2565.385799,2837.075472,2932.962758,3307.282393,3106.902376,3557.737184,4226.692747,4364.309244,4117.310983,4114.052115
South Asia (IDA & IBRD),TSA,GDP per capita (current US$),NY.GDP.PCAP.CD,345.2813586,363.6563371,316.1844276,328.6336395,318.5618714,354.0827814,385.3539007,413.2559803,425.1462802,422.8353817,444.7206108,453.9946411,457.6179244,472.78124,542.7072816,618.8082142,697.5542343,785.0117451,979.1317445,981.3447022,1063.158541,1285.524399,1370.95494,1370.206524,1391.298216,1501.07409
Sub-Saharan Africa (IDA & IBRD countries),TSS,GDP per capita (current US$),NY.GDP.PCAP.CD,619.2130889,603.347845,610.397397,586.5026868,549.4693528,524.5371403,577.714298,581.7878239,585.8593925,538.0754248,527.9289033,550.6391846,499.0680633,521.0194427,648.1212743,784.863845,898.4438454,1020.569792,1154.212368,1281.491378,1191.435461,1551.17433,1700.665152,1729.392554,1770.216179,1800.633038
Trinidad and Tobago,TTO,GDP per capita (current US$),NY.GDP.PCAP.CD,3562.104294,4147.625345,4230.586345,4297.631507,3681.549573,3956.764418,4246.382404,4577.000891,4551.325464,4786.917787,5383.526888,6430.967549,6935.705098,7049.610061,8804.518666,10290.51914,12323.13656,14095.99582,16530.18044,21188.11857,14508.81374,15840.44269,18287.39079,18322.3238,20217.03228,21317.44927
Tunisia,TUN,GDP per capita (current US$),NY.GDP.PCAP.CD,1269.286441,1507.231456,1571.828353,1825.379132,1704.223758,1779.307673,2012.936266,2154.986939,2251.3929,2336.083943,2426.388363,2247.912995,2286.50046,2373.836478,2790.004368,3139.537202,3217.968646,3394.42898,3805.152937,4342.823177,4162.509669,4176.59159,4291.876043,4179.464344,4248.891276,4328.904197
Turkey,TUR,GDP per capita (current US$),NY.GDP.PCAP.CD,2019.036668,2790.580487,2732.274223,2839.202845,3177.179077,2268.581235,2896.090604,3052.498119,3143.264599,4389.724574,4009.133896,4215.162413,3053.865108,3570.546263,4586.811203,5855.53866,7117.233241,7727.272405,9309.509478,10382.31816,8623.949627,10111.5177,10538.43512,10539.37034,10800.35798,10303.8988
Tuvalu,TUV,GDP per capita (current US$),NY.GDP.PCAP.CD,,980.0917635,1034.174924,1070.26295,1052.80115,1184.938715,1194.936547,1331.51988,1366.002794,1366.76728,1460.070362,1458.94942,1393.332791,1621.333583,1901.033476,2232.602517,2252.892886,2353.356088,2768.370957,3094.628092,2763.160305,3238.375763,3993.500254,4044.19378,3880.190879,3826.903311
Tanzania,TZA,GDP per capita (current US$),NY.GDP.PCAP.CD,184.3194155,172.0542158,193.795559,173.9920837,155.7450589,159.8575008,180.8117083,217.4827594,250.7355217,297.5122398,301.2004871,308.4062816,306.2399924,310.2072765,325.5507737,348.0523713,446.157894,475.9087651,533.1723967,657.7287434,665.3440029,708.5219323,740.3839008,827.5288808,909.3301412,954.618988
Uganda,UGA,GDP per capita (current US$),NY.GDP.PCAP.CD,314.0340383,247.6017114,184.8133287,153.8623001,167.9265898,201.6258306,281.9687578,287.2701338,289.1826002,294.7965827,260.5085667,260.6844737,238.0510659,243.6746249,241.6948011,292.843015,321.4357614,342.837264,409.870326,459.1097759,557.5235956,608.8130239,591.4386238,656.3980727,674.3416418,714.5673565
Ukraine,UKR,GDP per capita (current US$),NY.GDP.PCAP.CD,1597.534644,1569.739433,1489.689635,1417.868805,1258.136333,1011.98643,935.9852577,872.7091664,991.2301315,835.2603274,635.7727285,635.7128467,780.7380243,879.4750486,1048.522488,1367.352433,1828.717626,2303.018831,3068.608998,3891.037823,2545.480341,2973.996481,3569.757027,3855.42128,3986.282966,3065.164223
Upper middle income,UMC,GDP per capita (current US$),NY.GDP.PCAP.CD,1149.513833,1296.218181,1414.89734,1358.501251,1457.300559,1568.66203,1728.363901,1859.313514,1959.547963,1911.294555,1791.188665,1953.909068,1959.507259,1948.590187,2175.403637,2591.597861,3097.694685,3659.290185,4521.012069,5493.199697,5241.698053,6307.44311,7494.632128,7937.979458,8366.827883,8494.654019
Uruguay,URY,GDP per capita (current US$),NY.GDP.PCAP.CD,2731.949646,2989.993095,3577.841449,4082.028507,4720.380786,5458.091567,5984.129623,6316.285931,7327.948768,7711.085939,7247.398162,6871.903885,6281.373271,4088.772541,3622.052284,4117.308853,5220.957396,5877.879608,7009.67816,9062.290535,9415.153583,11938.27505,14166.55767,15092.47206,16881.384,16737.9731
United States,USA,GDP per capita (current US$),NY.GDP.PCAP.CD,22922.43709,23954.47935,24405.16481,25492.95165,26464.85251,27776.63553,28782.17502,30068.23092,31572.69023,32949.19776,34620.9289,36449.85512,37273.6181,38166.03784,39677.19835,41921.80976,44307.92058,46437.06712,48061.53766,48401.42734,47001.55535,48374.08679,49781.80066,51433.04709,52660.2951,54398.46001
Uzbekistan,UZB,GDP per capita (current US$),NY.GDP.PCAP.CD,,651.4192097,652.8074753,603.3520153,596.9835856,576.4471105,585.9323642,600.5981578,623.0026524,623.2161328,702.4807441,558.221144,456.7034892,383.3494997,396.129969,465.1198869,546.7768502,642.9604146,830.4076942,1023.119641,1181.84736,1377.08214,1544.827773,1719.036196,1877.964512,2052.586781
St. Vincent and the Grenadines,VCT,GDP per capita (current US$),NY.GDP.PCAP.CD,2005.444441,2235.76868,2363.67003,2573.625347,2648.619433,2676.788664,2922.702886,3067.133956,3220.062777,3461.911287,3621.827679,3672.669305,3982.260882,4270.766939,4446.594462,4808.038753,5064.218215,5608.204138,5973.792278,6370.437886,6177.497428,6231.713226,6183.676822,6337.769959,6591.566449,6672.810537
"Venezuela, RB",VEN,GDP per capita (current US$),NY.GDP.PCAP.CD,2173.598837,2367.717524,2544.448876,2811.146422,2732.673612,2601.850407,3375.089125,3013.729081,3714.617216,3875.904843,4078.287002,4785.153059,4928.17304,3657.193748,3233.956106,4273.365372,5435.87226,6740.236779,8325.216583,11224.6467,11534.8406,13581.35338,10754.59288,12771.59504,12265.03114,
British Virgin Islands,VGB,GDP per capita (current US$),NY.GDP.PCAP.CD,,,,,,,,,,,,,,,,,,,,,,,,,,
Virgin Islands (U.S.),VIR,GDP per capita (current US$),NY.GDP.PCAP.CD,13047.57313,15050.54714,15945.49982,16752.27713,18728.24343,,,,,,,,,,,,,,,,,,,,,
Vietnam,VNM,GDP per capita (current US$),NY.GDP.PCAP.CD,97.15788506,98.031869,142.9658899,144.1486586,189.2605161,229.9548051,288.0202779,337.0500628,361.2544883,360.600798,374.4764201,433.3337077,448.8822798,477.1058763,530.8618494,606.9043783,699.499779,796.6715738,919.2092656,1164.612525,1232.369671,1333.583526,1542.670436,1754.547974,1907.564382,2052.319084
Vanuatu,VUT,GDP per capita (current US$),NY.GDP.PCAP.CD,1011.411604,1080.230278,1252.627923,1263.463399,1176.870452,1335.251667,1390.321423,1427.094173,1462.196417,1472.990177,1477.833673,1469.888862,1362.616128,1353.927839,1580.510668,1787.938265,1886.38831,2047.088285,2393.334621,2698.02124,2643.475785,2965.75223,3275.023982,3158.420974,3167.055303,3147.96486
West Bank and Gaza,PSE,GDP per capita (current US$),NY.GDP.PCAP.CD,,,,,,1201.581542,1326.562857,1317.466751,1389.164971,1465.046057,1499.492177,1476.17185,1335.553195,1156.217473,1257.69857,1337.565724,1455.187875,1441.4617,1575.5634,1855.45702,1963.201519,2338.719877,2663.537025,2787.169738,2992.200995,2960.778004
World,WLD,GDP per capita (current US$),NY.GDP.PCAP.CD,3862.948136,4270.843149,4450.456259,4652.963731,4659.93947,4928.953394,5373.253203,5411.500284,5320.69966,5227.478782,5349.369045,5448.711504,5348.030584,5485.179177,6083.795524,6766.638973,7233.87996,7740.332469,8619.573849,9334.859486,8740.486455,9476.457843,10392.33149,10490.70245,10641.24982,10754.83804
Samoa,WSM,GDP per capita (current US$),NY.GDP.PCAP.CD,758.5669867,772.211776,765.4958794,799.0858219,796.1610062,1309.931549,1321.511368,1459.100929,1657.900772,1557.885773,1489.622156,1540.65373,1555.465191,1631.324643,1907.048405,2350.862872,2587.524,2793.54312,3130.352598,3375.82164,3173.54224,3530.573994,4065.95592,4257.305729,4179.597681,4172.2171
"Yemen, Rep.",YEM,GDP per capita (current US$),NY.GDP.PCAP.CD,,472.1348689,471.7410829,488.0066834,384.8741898,284.7898668,278.9694561,365.3790813,418.2947354,375.8315034,441.5692834,541.5129915,538.2873198,567.8219633,607.9158043,696.0549607,817.0824167,904.6056001,1181.215176,1361.717209,1239.837119,1310.053839,1282.398832,1289.034078,1408.146193,
South Africa,ZAF,GDP per capita (current US$),NY.GDP.PCAP.CD,3621.49758,3182.23967,3345.827626,3557.128685,3584.099342,3650.486114,3973.932383,3690.178479,3728.333992,3288.203765,3183.149769,3099.131614,2705.780204,2540.971222,3807.115746,4901.121316,5453.192814,5668.386771,6161.217951,5817.27839,5916.254357,7392.868752,8081.417175,7590.028438,6881.794742,6472.101027
"Congo, Dem. Rep.",COD,GDP per capita (current US$),NY.GDP.PCAP.CD,0,0,265.0962975,217.7477196,272.3202897,143.1361591,133.8679371,132.9193074,136.698547,136.1663963,100.6932432,397.264871,150.4213805,171.2340121,169.9085913,189.5887135,213.310459,246.8028136,273.4864797,310.7310244,286.0481803,311.247896,350.2706542,390.7066035,413.6957984,437.8149312
Zambia,ZMB,GDP per capita (current US$),NY.GDP.PCAP.CD,504.3124656,403.8222344,404.1057755,370.9836319,372.2100465,405.4729309,411.4179514,378.5613534,440.7410532,352.555092,330.217248,340.1613797,376.9810576,376.4680395,429.0072779,530.5535841,691.8094586,1030.31536,1103.486577,1365.721205,1134.772998,1456.126526,1635.547304,1724.743564,1839.522481,1725.974549
Zimbabwe,ZWE,GDP per capita (current US$),NY.GDP.PCAP.CD,813.583737,837.7690557,802.8851432,612.6720133,583.1125397,600.4000067,608.6782436,720.1034311,707.2696544,523.6037695,554.2268118,535.1974215,537.7174828,499.716415,448.3731927,451.1715886,443.240136,414.6801151,397.9568723,327.1990837,594.4959685,674.2686954,768.5564093,850.8276966,905.5003218,931.1981847