Country_Name,Country_Code,Indicator_Name,Indicator_Code,_1960,_1961,_1962,_1963,_1964,_1965,_1966,_1967,_1968,_1969,_1970,_1971,_1972,_1973,_1974,_1975,_1976,_1977,_1978,_1979,_1980,_1981,_1982,_1983,_1984,_1985,_1986,_1987,_1988,_1989,_1990,_1991,_1992,_1993,_1994,_1995,_1996,_1997,_1998,_1999,_2000,_2001,_2002,_2003,_2004,_2005,_2006,_2007,_2008,_2009,_2010,_2011,_2012,_2013,_2014,_2015
Arab World,ARB,Food imports (% of merchandise imports),TM.VAL.FOOD.ZS.UN,,,,,,,,,,,,,,,,2.08065483738204E+01,1.62875140671994E+01,,1.46615583305284E+01,1.51098838242303E+01,1.64495976998525E+01,1.64361173842170E+01,1.46974192793885E+01,1.55341929560589E+01,,,,,,1.80328658312300E+01,,1.74492722586430E+01,1.69081631407643E+01,1.62048643087039E+01,,,,,,1.71324009201610E+01,1.58162430574102E+01,1.45153257315260E+01,1.63562415726508E+01,1.58742650835454E+01,1.55604697402225E+01,1.24374659092922E+01,,1.19136013722300E+01,1.16274750896383E+01,,,,1.30313791860447E+01,1.24667518662505E+01,1.36022608370052E+01,
Caribbean small states,CSS,Food imports (% of merchandise imports),TM.VAL.FOOD.ZS.UN,,,,,,,,,,,,,1.64463923617551E+01,1.81791202296143E+01,1.46223753839116E+01,1.49020796932827E+01,1.50725046343290E+01,1.72460735758308E+01,1.87524425692570E+01,1.67421077034337E+01,1.49716333695012E+01,1.43612570040064E+01,1.42201891726598E+01,1.58488985632207E+01,1.82698670909884E+01,1.86224665748629E+01,1.74736680974930E+01,1.87423420133485E+01,1.79096818419510E+01,1.93566481980289E+01,1.77338907527058E+01,1.51950975352885E+01,1.57547336062177E+01,1.62390095710817E+01,1.75222491523639E+01,1.68053339238443E+01,1.56081767357388E+01,1.52661086748814E+01,1.58118298171233E+01,1.60123186412805E+01,1.39475966879425E+01,1.43191602324880E+01,1.44029710893923E+01,1.41646742711135E+01,1.40867525302243E+01,1.33633743814460E+01,1.24724094043536E+01,1.29535258254736E+01,1.27954414332123E+01,1.54743279089439E+01,1.60116223087591E+01,,,,,
Central Europe and the Baltics,CEB,Food imports (% of merchandise imports),TM.VAL.FOOD.ZS.UN,,,,,,,,,,,,,,,,,,,,,,,,,,,,,,,,,,9.62594821218063E+00,9.15895173481927E+00,8.45727054793134E+00,8.44751811462146E+00,7.48480804876230E+00,7.20147793087584E+00,6.46686790349701E+00,5.78526942090727E+00,5.94221609854893E+00,5.64203738386893E+00,5.51279295297851E+00,5.63619593441640E+00,5.86724706161546E+00,5.60671050385337E+00,5.90593009127013E+00,6.33868344804544E+00,7.90895027285773E+00,7.24075537960135E+00,7.25826514737453E+00,7.56817391693305E+00,7.84248705910072E+00,7.66045477593582E+00,7.80765940745333E+00
Early-demographic dividend,EAR,Food imports (% of merchandise imports),TM.VAL.FOOD.ZS.UN,,,,1.29577351095795E+01,1.23159181269497E+01,1.39585015099904E+01,1.65682829881415E+01,1.52844640311808E+01,1.54883334736501E+01,1.35880752238205E+01,1.36075494839077E+01,1.12209989811932E+01,1.06717585177249E+01,1.38531535427764E+01,1.61552783091690E+01,1.69133053128781E+01,1.38166678520083E+01,1.23090748217732E+01,1.17841401185137E+01,1.07176852820367E+01,1.19252236096388E+01,1.12411555958684E+01,1.07165922104111E+01,1.27529470848423E+01,1.23151724268653E+01,1.11737375256880E+01,1.06043005469408E+01,1.09396480924645E+01,1.15978849288835E+01,1.20265599130801E+01,1.10112905094889E+01,9.50318917755233E+00,9.31467642241505E+00,8.46308130240141E+00,9.23469710312577E+00,9.57589529854701E+00,1.01849993701504E+01,9.78564299618564E+00,1.06290942933127E+01,1.05288882618441E+01,9.28370395053748E+00,9.29485658463924E+00,9.32227800435308E+00,9.50718172279848E+00,8.58707603962310E+00,7.68696336525107E+00,7.04563339921469E+00,7.91600363234413E+00,7.95859062962294E+00,8.69084015760192E+00,8.78992510000331E+00,9.02958433952486E+00,8.36456809980485E+00,8.27744556293772E+00,8.52963880385133E+00,7.33837537646825E+00
East Asia & Pacific,EAS,Food imports (% of merchandise imports),TM.VAL.FOOD.ZS.UN,,,,,,,,,,,,,,,,,,,,,,,,,9.56266584786276E+00,7.76654702847000E+00,8.49990694270810E+00,8.85714552615767E+00,9.13214338967028E+00,9.14198016430485E+00,8.49335347519940E+00,7.77117352461989E+00,7.59356855367386E+00,6.75960678672596E+00,7.31195722984960E+00,7.68884674949729E+00,7.41580574052561E+00,6.85812277412490E+00,7.09881289056550E+00,6.71546574172578E+00,5.85557991200221E+00,6.13700256480935E+00,6.03313692094260E+00,5.90474669694850E+00,5.59862912660820E+00,5.06867319563050E+00,4.68610217222602E+00,5.01518599814631E+00,5.42046607699013E+00,6.14940857638820E+00,5.80077990040876E+00,5.95405638378036E+00,6.08369329585083E+00,6.12033802168407E+00,6.38444227649269E+00,7.10990460361205E+00
East Asia & Pacific (excluding high income),EAP,Food imports (% of merchandise imports),TM.VAL.FOOD.ZS.UN,,,,,,,,,,,,,,,,,,,,,,,,,8.69538769060855E+00,5.29369973587462E+00,5.70481505110371E+00,7.51220063734746E+00,7.95298602567417E+00,8.74922375728079E+00,8.02696378403673E+00,6.15249992030601E+00,5.34318558818485E+00,3.73410376174379E+00,4.82426782859825E+00,6.67303957616505E+00,6.10116487996030E+00,5.39449978239266E+00,5.48753325512082E+00,5.23396872315878E+00,4.77108895092347E+00,4.86842051690995E+00,4.58364583169573E+00,4.81524706814053E+00,4.81276799012738E+00,4.29709408515194E+00,4.07530910553820E+00,4.65694083926620E+00,5.42652996996402E+00,5.84956858536093E+00,5.55936552691861E+00,5.73645324961344E+00,6.14919128129043E+00,6.17270860521897E+00,6.54828507303785E+00,7.01693108469560E+00
East Asia & Pacific (IDA & IBRD countries),TEA,Food imports (% of merchandise imports),TM.VAL.FOOD.ZS.UN,,,,,,,,,,,,,,,,,,,,,,,,,8.69538769060855E+00,5.29369973587462E+00,5.70481505110371E+00,7.51220063734746E+00,7.95298602567417E+00,8.74922375728079E+00,8.02696378403673E+00,6.15249992030601E+00,5.34318558818485E+00,3.73410376174379E+00,4.82426782859825E+00,6.67303957616505E+00,6.10116487996030E+00,5.39449978239266E+00,5.48753325512082E+00,5.23396872315878E+00,4.77108895092347E+00,4.86842051690994E+00,4.58364583169573E+00,4.81524706814053E+00,4.81276799012738E+00,4.29709408515194E+00,4.07530910553820E+00,4.65694083926620E+00,5.42652996996403E+00,5.84956858536093E+00,5.55936552691861E+00,5.73645324961344E+00,6.14919128129043E+00,6.17270860521897E+00,6.54828507303785E+00,7.01693108469560E+00
Euro area,EMU,Food imports (% of merchandise imports),TM.VAL.FOOD.ZS.UN,,,2.32602862409694E+01,1.99952114971610E+01,1.89281910078113E+01,1.97255626845840E+01,1.95623631317866E+01,1.85876487151730E+01,1.75210800236748E+01,1.68093992615676E+01,1.57531048249469E+01,1.73334595576685E+01,1.64629196949537E+01,1.66654140908439E+01,1.39247118411257E+01,1.51230457520693E+01,1.38666326230174E+01,1.53745098588129E+01,1.49655080612159E+01,1.34368577789695E+01,1.20377089997892E+01,1.21492225723755E+01,1.25540258070048E+01,1.26987467915465E+01,1.23813608975570E+01,1.21948940028134E+01,1.28838216017496E+01,1.23411249756695E+01,1.20961064847018E+01,1.10767656364828E+01,1.06322798204122E+01,1.10294115852541E+01,1.12448637735973E+01,1.15914492538296E+01,1.16774274797076E+01,1.12412891851868E+01,1.09288245427793E+01,1.01255475810331E+01,9.87226526166890E+00,9.43697934647568E+00,7.84839982760612E+00,8.33831848159929E+00,8.74302619434413E+00,8.68898035239010E+00,8.12973311984184E+00,7.95772865948604E+00,7.54517329310914E+00,7.78808445838073E+00,8.17143625423255E+00,9.55609995819241E+00,8.73666196160466E+00,9.07795998482034E+00,9.33252974039445E+00,9.74042497232162E+00,9.75514347124614E+00,9.84889823550915E+00
Europe & Central Asia,ECS,Food imports (% of merchandise imports),TM.VAL.FOOD.ZS.UN,,,2.37257232206754E+01,2.13188435691002E+01,1.96140660606119E+01,1.98066998056494E+01,1.96876687193528E+01,1.83942269763817E+01,1.70580784087982E+01,1.64482358605354E+01,1.58186129744151E+01,1.66268901896710E+01,1.58344389312156E+01,1.58463119714673E+01,1.36884157209098E+01,1.46039983899373E+01,1.33872580094115E+01,1.45172328455880E+01,1.39794203736154E+01,1.25597952769299E+01,1.13884657582636E+01,1.16081221747991E+01,1.17921726252949E+01,1.17660864358123E+01,1.16012837145969E+01,1.13404771043393E+01,1.20228556852998E+01,1.14992086437984E+01,1.11243706525057E+01,1.03667980664012E+01,1.00279475192399E+01,1.04963420424724E+01,1.06873954628501E+01,1.07154254739940E+01,1.07443502158849E+01,1.03475402910462E+01,1.05552598248217E+01,9.86458203444050E+00,9.79155874924746E+00,9.27441719880130E+00,8.02594709151523E+00,8.42987790445949E+00,8.73633654775728E+00,8.72920338044327E+00,8.16328088648749E+00,8.00693871907409E+00,7.55765366764977E+00,7.72075994326582E+00,8.10860178053298E+00,9.52821434718795E+00,8.71582171106698E+00,8.85305000273431E+00,9.07282075101848E+00,9.58688482474436E+00,9.61221848141824E+00,9.74166299816023E+00
Europe & Central Asia (excluding high income),ECA,Food imports (% of merchandise imports),TM.VAL.FOOD.ZS.UN,,,,,,,,,,,,,,,,,,,,,,,,,,,,,,,,,,,,,1.24223844928166E+01,1.20802637114613E+01,1.32427663789001E+01,1.17897153847249E+01,1.16954606042476E+01,1.17564725277093E+01,1.17257404710970E+01,1.14922899821825E+01,9.87396191643835E+00,9.56340149205951E+00,8.71809553375100E+00,8.25960653460790E+00,8.65733668933115E+00,1.12047102367919E+01,9.89514291602468E+00,9.05221319415051E+00,9.24236545191908E+00,9.84500382107966E+00,1.01490555800085E+01,1.05852396368292E+01
Europe & Central Asia (IDA & IBRD countries),TEC,Food imports (% of merchandise imports),TM.VAL.FOOD.ZS.UN,,,,,,,,,,,,,,,,,,,,,,,,,,,,,,,,,,,,,1.19163674068704E+01,1.12733859023286E+01,1.20611403688009E+01,1.07117190928974E+01,1.05058017812215E+01,1.06068252065461E+01,1.05274542403949E+01,1.02034197197246E+01,9.01736562750161E+00,8.85675996835910E+00,8.15190116682982E+00,7.85029338107087E+00,8.23780098813495E+00,1.05201151242547E+01,9.45464341976678E+00,8.84415050012378E+00,9.11207602985746E+00,9.65724174252527E+00,9.85853437036712E+00,1.01877491695102E+01
European Union,EUU,Food imports (% of merchandise imports),TM.VAL.FOOD.ZS.UN,,,2.47937219766736E+01,2.20157657193523E+01,2.04143413203992E+01,2.06893617516530E+01,2.06551887432602E+01,1.93964356325293E+01,1.80134199861591E+01,1.72758232897081E+01,1.64325456259566E+01,1.75817319836100E+01,1.67115609766897E+01,1.66980245132639E+01,1.40364556088205E+01,1.51295837636515E+01,1.40151291094557E+01,1.53515948125446E+01,1.47807148314893E+01,1.32650576350907E+01,1.19375306117562E+01,1.21778302531383E+01,1.23986168911894E+01,1.24147910636437E+01,1.20668057800892E+01,1.18328760575258E+01,1.25026349090586E+01,1.19228210389063E+01,1.16606245868719E+01,1.06884413455713E+01,1.03085183159170E+01,1.08933760664675E+01,1.10902615764389E+01,1.11163492641717E+01,1.11530384256367E+01,1.06586626843614E+01,1.04410722649092E+01,9.68453123640269E+00,9.44175837871819E+00,9.03569378584079E+00,7.61432731961494E+00,8.08292959851215E+00,8.41668098083474E+00,8.43905807834087E+00,7.99401537438153E+00,7.86450481463816E+00,7.45914419427529E+00,7.71463409880814E+00,8.11544317708553E+00,9.43319477637226E+00,8.66122231679121E+00,8.92024234534029E+00,9.15106638510447E+00,9.65850084933146E+00,9.63976137056242E+00,9.75869770416351E+00
Fragile and conflict affected situations,FCS,Food imports (% of merchandise imports),TM.VAL.FOOD.ZS.UN,,,,,,,,,,,,,1.93962514334358E+01,2.11783718294377E+01,2.49348934400985E+01,2.00946789219704E+01,1.59973357160635E+01,,,,,,,,,,,,,,,,,,,,,,,,1.40699907945078E+01,1.09246489819692E+01,1.21926914788297E+01,,,,,,,,,,,,,
Heavily indebted poor countries (HIPC),HPC,Food imports (% of merchandise imports),TM.VAL.FOOD.ZS.UN,,,,,,1.78744291235344E+01,1.81401340943292E+01,1.79060085584346E+01,,,1.84956404287166E+01,1.81827905373147E+01,1.88013973624748E+01,1.96550619533532E+01,2.00337439334662E+01,1.63546394069355E+01,1.37947392074299E+01,1.34478634116453E+01,1.46749788095053E+01,1.40077731934789E+01,,,,,,,,,,,,,,,,1.77817426300107E+01,1.71465989916746E+01,1.56593436194109E+01,1.67917065441613E+01,1.67000623775702E+01,1.67232022319992E+01,1.78864389783105E+01,1.79612236912700E+01,1.81362171419298E+01,1.58500890812833E+01,1.48911687090645E+01,1.44536753831423E+01,1.35529471871643E+01,1.45628753228541E+01,1.59029361031741E+01,1.52624039063157E+01,1.57977525400844E+01,1.41219749433720E+01,1.38481504764511E+01,1.46369195996804E+01,
High income,HIC,Food imports (% of merchandise imports),TM.VAL.FOOD.ZS.UN,,,2.22275143281585E+01,2.14738617954510E+01,2.02128749138964E+01,1.95160408126317E+01,1.90747801826272E+01,1.80373793160829E+01,1.69816894123390E+01,1.62983653662755E+01,1.58123692472217E+01,1.60403770242593E+01,1.54419729987628E+01,1.54676618883232E+01,1.33806766664999E+01,1.38855643632890E+01,1.27146868072098E+01,1.31745889371752E+01,1.26682925570309E+01,1.16523535102589E+01,1.06046514295821E+01,1.06797337578945E+01,1.06673047696572E+01,1.07729130941797E+01,1.04289857366754E+01,1.00805284466883E+01,1.06886312896068E+01,1.00785831747694E+01,9.82860925346219E+00,9.23312629276225E+00,8.84140762352679E+00,9.30734163849922E+00,9.41077159432625E+00,9.29270148149894E+00,9.24978969326044E+00,8.79218535028447E+00,8.75187921361741E+00,8.17078204316187E+00,8.20123516671802E+00,7.97504203569420E+00,6.86639787797379E+00,7.24707458648231E+00,7.44666270090651E+00,7.34070876824812E+00,6.89691440762671E+00,6.65191924093796E+00,6.32078877743708E+00,6.51430091068723E+00,6.74827503196631E+00,7.90216658739081E+00,7.38595472353089E+00,7.55895337586831E+00,7.60486485897606E+00,7.96558614214029E+00,8.08858465651928E+00,8.43298778300088E+00
IBRD only,IBD,Food imports (% of merchandise imports),TM.VAL.FOOD.ZS.UN,,,,,,,,,,,,,,,,,,,,,,,,,1.03939745037643E+01,7.90105632724220E+00,7.88969302604705E+00,8.84553031108480E+00,9.20433361555992E+00,9.89797768560074E+00,9.07406225866074E+00,7.83864954253031E+00,7.47317541404363E+00,6.27352151584126E+00,7.22870954859306E+00,7.95244422208717E+00,8.58793363338486E+00,8.26666141731715E+00,8.62636275274585E+00,7.97113323831816E+00,7.25449665828690E+00,7.35035998665723E+00,7.29541576291060E+00,7.41477062201738E+00,6.81951041931500E+00,6.19213142719343E+00,5.69494508048886E+00,6.20295568007795E+00,6.67372506430185E+00,7.52175137463280E+00,7.14165403259017E+00,7.15767837634380E+00,7.26648425839948E+00,7.35664522921100E+00,7.55876270732253E+00,7.46227980104810E+00
IDA & IBRD total,IBT,Food imports (% of merchandise imports),TM.VAL.FOOD.ZS.UN,,,,,,,,,,,,,,,,,,,,,,,,,1.07846547949584E+01,8.41066893477783E+00,8.33306158525075E+00,9.12906006091124E+00,9.48462770399392E+00,1.02097587923451E+01,9.35922315773885E+00,8.09964321300288E+00,7.80453603215773E+00,6.64211105805607E+00,7.47880583868190E+00,8.42295167956146E+00,9.07195040148719E+00,8.71263378163900E+00,9.07947824224250E+00,8.50217428697255E+00,7.80561646036088E+00,7.91372666819592E+00,7.81308103000194E+00,7.89488445166809E+00,7.19986267273300E+00,6.58723389139394E+00,6.22615144932750E+00,6.73284006839243E+00,7.11507887415378E+00,8.01661266165237E+00,7.63825213935541E+00,7.84657028374856E+00,7.74138211222028E+00,7.73465448142258E+00,7.97732836908300E+00,7.57816321783547E+00
IDA blend,IDB,Food imports (% of merchandise imports),TM.VAL.FOOD.ZS.UN,,,,,,,,,,,,,,,,,,,,,,,,,,,,,,,,,,,,,,1.20241492000048E+01,1.27147718292173E+01,1.39244191254839E+01,1.19245436104580E+01,1.23432415375666E+01,1.17894133738677E+01,1.08607096878131E+01,9.28770610149217E+00,9.01469838866073E+00,1.09245265049488E+01,1.08517378061337E+01,9.91103158345721E+00,1.09870076794346E+01,1.08429743515715E+01,1.48841170635842E+01,1.27621005154974E+01,1.12691021406397E+01,1.19497909184358E+01,
IDA only,IDX,Food imports (% of merchandise imports),TM.VAL.FOOD.ZS.UN,,,,,,,,,,,,,,,,,,1.30199290584766E+01,,,,,,,,,,,,,,,,,,1.78906053021369E+01,1.81538844225811E+01,1.72890032306576E+01,1.75786312822944E+01,,1.70977654523409E+01,1.72118114388203E+01,1.67918475024490E+01,1.68206372109725E+01,1.58538443008852E+01,1.48569850498253E+01,1.48782557622536E+01,1.56204356758315E+01,1.54135080207864E+01,1.69953370727979E+01,1.61818095199400E+01,1.73246501401446E+01,,,,
IDA total,IDA,Food imports (% of merchandise imports),TM.VAL.FOOD.ZS.UN,,,,,,,,,,,,,,,,,,,,,,,,,,,,,,,,,,,,,,1.43727074237534E+01,1.48808185156534E+01,1.55250015852396E+01,1.42970383219518E+01,1.45374541195465E+01,1.40294485020997E+01,1.35666028207397E+01,1.24732663834445E+01,1.19713677450529E+01,1.26647901114952E+01,1.29547993063870E+01,1.23449300428843E+01,1.37369093163953E+01,1.33473355959002E+01,1.59601105427865E+01,1.39221800429074E+01,1.27399421634379E+01,1.36196009667512E+01,
Late-demographic dividend,LTE,Food imports (% of merchandise imports),TM.VAL.FOOD.ZS.UN,,,,,,,,,,,,,,,,,,,,,,,,,9.91192439592522E+00,6.42759129520755E+00,7.20878398559057E+00,8.41925356117522E+00,8.72151039210824E+00,9.56366232365096E+00,8.70006974608988E+00,8.28116806767395E+00,7.61348981539157E+00,6.34456761310254E+00,6.66317698540040E+00,7.90666759354579E+00,8.55976792301737E+00,7.89162429002243E+00,8.10120484110467E+00,7.52037171297194E+00,7.26250195615135E+00,7.29930161114866E+00,6.97092809401208E+00,6.74840896430891E+00,6.42827732302100E+00,6.04040742499112E+00,5.65999531065202E+00,5.95819846426490E+00,6.59661008054619E+00,7.47834170449486E+00,7.00952037582804E+00,6.92795592909233E+00,7.32963210722055E+00,7.50932243463646E+00,7.70098462231450E+00,7.88174439592407E+00
Latin America & Caribbean,LCN,Food imports (% of merchandise imports),TM.VAL.FOOD.ZS.UN,,,1.12294848203325E+01,1.20502635092686E+01,1.29521784689788E+01,1.14979178660793E+01,1.11054057732998E+01,1.09566753667287E+01,1.00989922349029E+01,9.48955381576732E+00,9.87431648094212E+00,9.26991511592889E+00,1.00316028249334E+01,1.25388266384029E+01,1.37367404356085E+01,1.10030343159396E+01,9.95280743927902E+00,1.07751013284852E+01,1.12713124965299E+01,1.09207649603110E+01,1.30643782520796E+01,1.15418789346372E+01,1.08062042630671E+01,1.48651147834766E+01,1.29160437565129E+01,1.08421440237268E+01,1.07782275893245E+01,9.57136736187729E+00,1.03681096261008E+01,1.20151583534502E+01,1.13372496940676E+01,1.04467134290985E+01,9.53814272855791E+00,9.09845116654177E+00,9.78906663509748E+00,8.98267999546929E+00,9.97662927754742E+00,8.56958450839879E+00,8.85009968634849E+00,8.47525114466055E+00,7.56821128901474E+00,7.93265784766355E+00,8.37858936451079E+00,8.73731501649882E+00,7.70210488824043E+00,6.95544565964620E+00,6.48365071144288E+00,6.91372616298639E+00,7.55912653636090E+00,8.13598168907689E+00,7.45054421514383E+00,7.59001117263705E+00,7.49441750630547E+00,7.67454460962331E+00,7.25247841925014E+00,6.58436773053639E+00
Latin America & Caribbean (excluding high income),LAC,Food imports (% of merchandise imports),TM.VAL.FOOD.ZS.UN,,,1.11309227244876E+01,1.18954332595032E+01,1.28652667632741E+01,1.11842609122341E+01,1.08454280934644E+01,1.07852669509655E+01,9.82404318713373E+00,9.02033494588491E+00,9.72370251204119E+00,8.82589050733192E+00,9.15530732787457E+00,1.16928193321011E+01,1.30218643582116E+01,1.09303863020958E+01,9.15821783940677E+00,1.10842581642745E+01,1.12860900693763E+01,1.10483708125851E+01,1.35669097917539E+01,1.20864087270443E+01,1.09216110640132E+01,1.55546013194572E+01,1.35040597905406E+01,1.14651104315695E+01,1.15147703562288E+01,1.02556663491442E+01,1.12198930879043E+01,1.33003157889634E+01,1.24359730260685E+01,1.11740890703588E+01,9.99107504046281E+00,9.57457562720665E+00,1.02581098638535E+01,9.28021805496032E+00,1.05134963156079E+01,8.85612756236908E+00,9.17641345312043E+00,8.61713587942043E+00,7.65885454158739E+00,8.03418993344175E+00,8.55549879768624E+00,9.04987948237941E+00,8.01444502175176E+00,7.26952673185522E+00,6.71582223155285E+00,7.08203599786587E+00,7.79072110672144E+00,8.38860044738730E+00,7.66306906607519E+00,7.85267528272005E+00,7.73963090359781E+00,7.92995985880130E+00,7.38675909390446E+00,6.66309109633719E+00
Latin America & the Caribbean (IDA & IBRD countries),TLA,Food imports (% of merchandise imports),TM.VAL.FOOD.ZS.UN,,,1.12294848203325E+01,1.20502635092686E+01,1.29521784689788E+01,1.14979178660793E+01,1.11054057732998E+01,1.09250361308947E+01,1.00681951849269E+01,9.46018140048254E+00,9.84723751403173E+00,9.23978817835866E+00,1.00009915717214E+01,1.25111499041078E+01,1.37421400545609E+01,1.10022586157551E+01,9.94810950793972E+00,1.07533545215362E+01,1.12503024577542E+01,1.09052802423047E+01,1.30746434658380E+01,1.15617155942999E+01,1.08187104858628E+01,1.48991945048991E+01,1.29387341851861E+01,1.08489577966087E+01,1.07839867650904E+01,9.56016407617403E+00,1.03357164074607E+01,1.19888167846806E+01,1.13147691114513E+01,1.04122314001089E+01,9.51591363880656E+00,9.07857676071406E+00,9.76926821830335E+00,8.91258361433261E+00,9.93936782109067E+00,8.50490425472789E+00,8.79580485081122E+00,8.28096065532095E+00,7.41000196831379E+00,7.74284259645589E+00,8.16639428866321E+00,8.51349013371855E+00,7.45613712352688E+00,6.74286661191802E+00,6.37132833097774E+00,6.86482086692627E+00,7.51408709887523E+00,8.05205708851042E+00,7.35000738387238E+00,7.50503084350748E+00,7.40248397781185E+00,7.58781820286131E+00,7.16470906208886E+00,6.55203496278699E+00
Least developed countries: UN classification,LDC,Food imports (% of merchandise imports),TM.VAL.FOOD.ZS.UN,,,,,,,,,,,,,,,,,,,,,,,,,,,,,,,,,,,,,,,,,1.76664507690746E+01,1.72384017411592E+01,1.66473743425022E+01,1.72284417180503E+01,,,,,1.56668114253895E+01,1.66144662395403E+01,1.63424888576065E+01,1.70538105987425E+01,,,,
Low & middle income,LMY,Food imports (% of merchandise imports),TM.VAL.FOOD.ZS.UN,,,,,,,,,,,,,,,,,,,,,,,,,1.07753768686669E+01,8.44430538658632E+00,8.38732406409106E+00,9.12153725980280E+00,9.45728415048097E+00,1.02787257329826E+01,9.59286495199838E+00,7.98462663747814E+00,7.63434775366176E+00,6.41435412158254E+00,7.31600112336306E+00,8.40200310334956E+00,9.08645725555899E+00,8.77979273668675E+00,9.20050564033419E+00,8.63425100101947E+00,7.92408514216399E+00,8.02305468866829E+00,7.92980529386080E+00,8.05996183077703E+00,7.33667199289602E+00,6.68033088576827E+00,6.28047299246796E+00,6.77725247071891E+00,7.16221293650277E+00,8.06675875090139E+00,7.68599951323921E+00,7.90205686916229E+00,7.76680543738279E+00,7.73850092149475E+00,7.99649461482597E+00,7.55091652025018E+00
Low income,LIC,Food imports (% of merchandise imports),TM.VAL.FOOD.ZS.UN,,,,,,,,,,,,,,,,,,,,,,,,,,,,,,,,,,,,,,1.71494108273185E+01,,,,,,,,,,,1.57103009141234E+01,1.54665832255564E+01,1.46536606200752E+01,1.55541012446306E+01,1.49627306508913E+01,1.53389359965907E+01,1.51431327970123E+01,
Lower middle income,LMC,Food imports (% of merchandise imports),TM.VAL.FOOD.ZS.UN,,,,,,,,2.44664934680441E+01,2.29034920908938E+01,1.90875563518927E+01,1.87841236263717E+01,1.57417295565547E+01,1.43763278962177E+01,1.83637843687371E+01,1.99562518596560E+01,2.39296877961459E+01,2.04991276780861E+01,1.57345014931604E+01,1.55062073334134E+01,1.34672906086693E+01,1.30166962650033E+01,1.28739818094854E+01,,1.33566588915533E+01,1.30489703500644E+01,1.22638997189253E+01,1.14339489117323E+01,1.10876267266853E+01,1.14515498672954E+01,1.01863251733976E+01,9.17369383538498E+00,7.76494530159029E+00,9.20519955621316E+00,8.27058954129130E+00,9.74469962605852E+00,1.04866210967841E+01,1.09377606120212E+01,1.03880358664172E+01,1.15700492574848E+01,1.19984695610504E+01,1.01354644450371E+01,1.05639606894112E+01,1.06241341446611E+01,1.03072526535912E+01,8.95319967905004E+00,8.22021080794416E+00,8.31573598637053E+00,9.05340455040515E+00,8.12275435027781E+00,9.78013641375427E+00,9.52318003961418E+00,1.03920067932066E+01,9.44473014429406E+00,8.85738004129539E+00,9.76272279196375E+00,
Middle East & North Africa,MEA,Food imports (% of merchandise imports),TM.VAL.FOOD.ZS.UN,,,,,,,,,,,,,,,2.29539674033307E+01,1.98127351512623E+01,1.55642144637717E+01,1.44782819418523E+01,1.42563752225191E+01,1.47210540682602E+01,1.57512362908616E+01,1.60059639559912E+01,1.42590074139240E+01,1.50058222326803E+01,,,,,,1.71017761902708E+01,,1.63874494418268E+01,1.59229966477485E+01,1.51201696073851E+01,,,,,1.71937506178201E+01,1.64030177317611E+01,1.50650935123925E+01,1.38278672583444E+01,1.44853767150818E+01,1.40422773570598E+01,1.35502713147059E+01,1.13504521980249E+01,1.12375546549526E+01,1.14115150807296E+01,1.11817662582580E+01,,1.41680761601646E+01,,1.23350561409673E+01,1.19459530222042E+01,1.29595905078923E+01,
Middle East & North Africa (excluding high income),MNA,Food imports (% of merchandise imports),TM.VAL.FOOD.ZS.UN,,,,,,,2.21590418373611E+01,,2.16497659392450E+01,1.75819767048951E+01,1.81582265123483E+01,2.08023134840525E+01,2.00651323492455E+01,2.13315072394910E+01,2.67370585818839E+01,2.34818188243111E+01,1.79061227326728E+01,1.70860605075300E+01,,,,,,,,,,,,,,,,,,,,2.28819118807547E+01,2.04130839841760E+01,2.08147377913249E+01,1.79926499202994E+01,1.62273848497708E+01,1.56421014341138E+01,1.62224148470257E+01,1.57928609240733E+01,1.43928272633724E+01,1.21371307408273E+01,1.65848766481972E+01,1.61712744540811E+01,1.55836188960891E+01,1.59655392191682E+01,1.79193010565194E+01,,,,
Middle East & North Africa (IDA & IBRD countries),TMN,Food imports (% of merchandise imports),TM.VAL.FOOD.ZS.UN,,,,,,,2.21590418373611E+01,2.53901953100527E+01,2.16497659392450E+01,1.75819767048951E+01,1.81582265123483E+01,2.08023134840525E+01,2.00651323492455E+01,2.13315072394910E+01,2.67370585818839E+01,2.34818188243111E+01,1.79061227326728E+01,1.70860605075300E+01,,,,,,,,,,,,,,,,,,,,2.28819118807547E+01,2.04130839841760E+01,2.08147377913249E+01,1.79926499202994E+01,1.62273848497708E+01,1.56421014341138E+01,1.62224148470257E+01,1.57928609240733E+01,1.43928272633724E+01,1.21371307408273E+01,1.65848766481972E+01,1.61712744540811E+01,1.55836188960891E+01,1.59655392191682E+01,1.79193010565194E+01,,,,
Middle income,MIC,Food imports (% of merchandise imports),TM.VAL.FOOD.ZS.UN,,,,,,,,,,,,,,,,,,,,,,,,,1.07688913732078E+01,8.42288411107138E+00,8.34401989304657E+00,9.07698428019855E+00,9.44944328870035E+00,1.02370866716059E+01,9.54381158538769E+00,7.94967000567030E+00,7.56956207217936E+00,6.32408761389654E+00,7.22310056801783E+00,8.28216926380388E+00,8.96535756493053E+00,8.66785026003853E+00,9.09312576587172E+00,8.52402232122744E+00,7.81985193481061E+00,7.90514381049188E+00,7.81013494473043E+00,7.91285353795772E+00,7.20525329840469E+00,6.55734738972370E+00,6.16835711791412E+00,6.67502165562775E+00,7.04371254109921E+00,7.96387358263645E+00,7.58516790795220E+00,7.79010371817540E+00,7.66242210901056E+00,7.62805663141698E+00,7.88956294834490E+00,7.50831533437736E+00
North America,NAC,Food imports (% of merchandise imports),TM.VAL.FOOD.ZS.UN,,,2.15340167003962E+01,2.16358209629749E+01,2.04728278408654E+01,1.79472103480988E+01,1.70899446227249E+01,1.65777310908668E+01,1.53790013466509E+01,1.40351498537190E+01,1.48526678651730E+01,1.34199023351251E+01,1.26966870531839E+01,1.29463960143398E+01,1.07548265092715E+01,1.04108111698884E+01,9.84256185697204E+00,9.66913112386580E+00,9.37119643606725E+00,8.86532480854269E+00,8.09487740851671E+00,7.60035118256412E+00,7.83998303956907E+00,7.70833778488356E+00,7.06803482297525E+00,6.85231025367021E+00,6.98341055364317E+00,6.40727526305585E+00,5.89565511910572E+00,5.72624265712636E+00,5.87379335870481E+00,6.01407708139704E+00,5.84559771204970E+00,5.50482523896056E+00,5.21054906210001E+00,4.94834250303391E+00,5.08466195735067E+00,5.09348870149789E+00,5.00783040813048E+00,4.71934430222373E+00,4.24954466068853E+00,4.62232795387273E+00,4.84386182193860E+00,4.92228931176930E+00,4.62506698487225E+00,4.45597889265167E+00,4.46267420531522E+00,4.66610800892910E+00,4.76042006885173E+00,5.89364797929214E+00,5.37542146643776E+00,5.44992582991651E+00,5.35798780001240E+00,5.59471894825356E+00,5.94568972584151E+00,6.28779160582768E+00
Not classified,INX,Food imports (% of merchandise imports),TM.VAL.FOOD.ZS.UN,,,,,,,,,,,,,,,,,,,,,,,,,,,,,,,,,,,,,,,,,,,,,,,,,,,,,,,,
OECD members,OED,Food imports (% of merchandise imports),TM.VAL.FOOD.ZS.UN,,,2.13431538586992E+01,2.05877968699030E+01,1.90707378261675E+01,1.84250084333790E+01,1.80399904614527E+01,1.68020160494018E+01,1.56916505085656E+01,1.52034455981677E+01,1.51393044414593E+01,1.53280978863254E+01,1.47013203238135E+01,1.49006846781791E+01,1.30459755900128E+01,1.34466872934373E+01,1.21466080959395E+01,1.28246054187987E+01,1.23743507588217E+01,1.12923789476064E+01,1.05124045258673E+01,1.05736971530202E+01,1.04479227415747E+01,1.08274985909762E+01,1.03685245242456E+01,9.93044539524495E+00,1.04622689354519E+01,1.00044290146856E+01,9.87535362005349E+00,9.44220505439764E+00,9.06352607773481E+00,9.31799553271069E+00,9.43349622788342E+00,9.36078863221267E+00,9.39568905532879E+00,8.87118679937132E+00,8.82240434393346E+00,8.27844143558459E+00,8.22935382215769E+00,7.90718011415282E+00,6.74846670556250E+00,7.19417589136403E+00,7.49135973522352E+00,7.46811810068773E+00,7.02504631712293E+00,6.78122873400257E+00,6.44437431078589E+00,6.67225215711033E+00,6.93941583192291E+00,8.10115324515834E+00,7.40873084037162E+00,7.61313837268175E+00,7.65421481599554E+00,8.00395554216905E+00,8.10610697537176E+00,8.49133020616575E+00
Other small states,OSS,Food imports (% of merchandise imports),TM.VAL.FOOD.ZS.UN,,,,,,,,,,,,,,,,,,,,,,,,,,,,,,,,,,,,,1.57752296194529E+01,,,,1.31194084214849E+01,1.36265264936598E+01,1.35663489182949E+01,1.27613731662031E+01,1.21054236492261E+01,1.09212614643652E+01,1.00713427362013E+01,1.01990985994997E+01,1.09423893943626E+01,,1.17713280478270E+01,,,1.22426040353701E+01,1.19308007015227E+01,
Pacific island small states,PSS,Food imports (% of merchandise imports),TM.VAL.FOOD.ZS.UN,,,,,,,,,,,2.42909319654806E+01,2.38370680533771E+01,2.39484391150100E+01,2.52459813658055E+01,2.56305538351923E+01,2.32806810928727E+01,2.42315515591277E+01,2.41939166122307E+01,2.44434993591253E+01,2.06972528116068E+01,1.95540162031543E+01,1.87417057357602E+01,1.97402386921777E+01,2.01751273856227E+01,2.10364828672362E+01,2.02639504733172E+01,1.95192820135618E+01,2.10479891495138E+01,2.08759149259120E+01,,,,,,,,,,,,,,,,1.91144729423153E+01,1.67441523160692E+01,1.66839175887914E+01,1.83878228944252E+01,1.91210018116604E+01,2.32848529989262E+01,2.10726386008069E+01,2.24559324942985E+01,2.26078849448677E+01,1.88371282709315E+01,1.94746450361747E+01,
Post-demographic dividend,PST,Food imports (% of merchandise imports),TM.VAL.FOOD.ZS.UN,,,2.25149960427149E+01,2.16026805260973E+01,2.03683023927987E+01,1.97054584521530E+01,1.92821852204237E+01,1.81477637939714E+01,1.69049363873565E+01,1.62608967270940E+01,1.58649788372836E+01,1.61668436118406E+01,1.54036232168726E+01,1.54031870285830E+01,1.31502129879450E+01,1.38219380446124E+01,1.26282737651351E+01,1.32255488038731E+01,1.26918510321803E+01,1.16067032353495E+01,1.04637618032449E+01,1.05610118878566E+01,1.05848312622684E+01,1.06232867630349E+01,1.02310899007011E+01,9.97156370506363E+00,1.05984438339787E+01,9.93613555613054E+00,9.62907654351203E+00,9.04761966361107E+00,8.78737403730378E+00,9.11032194524910E+00,9.27645207017147E+00,9.19256318441393E+00,9.22925821254183E+00,8.71927247277402E+00,8.61415722092379E+00,8.15919118937729E+00,8.15657001754028E+00,7.85478099622873E+00,6.70443460864713E+00,7.12796853949259E+00,7.39962704268317E+00,7.36083690191110E+00,6.89988828320781E+00,6.64758792403372E+00,6.29980224126590E+00,6.49069496362275E+00,6.73096205066157E+00,7.92253657903523E+00,7.24837760953437E+00,7.41924632809793E+00,7.47749846347597E+00,7.83862413643939E+00,7.97092300162932E+00,8.37320552460024E+00
Pre-demographic dividend,PRE,Food imports (% of merchandise imports),TM.VAL.FOOD.ZS.UN,,,,1.77742121973355E+01,,,,,,,,,1.64780463585042E+01,1.82142207961148E+01,1.99276906531980E+01,1.50743439020514E+01,1.26611359807410E+01,,,,,,,,,,,,,,,,,,,,,,,,1.40097438626942E+01,1.44255574499363E+01,1.41971312682712E+01,,,,,,,,,,,,,
Small states,SST,Food imports (% of merchandise imports),TM.VAL.FOOD.ZS.UN,,,,,,,,,,,,,,,,,,,,,,,,,,,,,,,,,,,,1.44372519090397E+01,1.57646868516783E+01,,,,1.33250982990184E+01,1.38852614999244E+01,1.38610220310742E+01,1.31457518262694E+01,1.26008680194894E+01,1.15030410814969E+01,1.06657570856424E+01,1.09160111059493E+01,1.14632240554039E+01,1.49899833578698E+01,1.28010185657770E+01,,,1.30459956368006E+01,1.28634538886914E+01,
South Asia,SAS,Food imports (% of merchandise imports),TM.VAL.FOOD.ZS.UN,,,1.74278853841232E+01,1.67320963425096E+01,1.83600377395459E+01,2.24188133700205E+01,3.27250085747007E+01,3.14148855860588E+01,2.50685616637861E+01,2.23610937087192E+01,2.17835131233231E+01,1.62065505148093E+01,1.30126296115144E+01,2.05823869385947E+01,2.07873357124280E+01,3.12456478492806E+01,2.67585951573207E+01,1.71161843462138E+01,1.51771437248283E+01,1.13146918064192E+01,1.05750142645452E+01,1.01142784651629E+01,,1.26203091407851E+01,1.21958786220956E+01,1.07645573170166E+01,9.28110257078277E+00,1.01383312343150E+01,1.04582024702155E+01,6.72520199119922E+00,6.10172868021722E+00,5.04672900563420E+00,6.20935451624337E+00,5.34501653642910E+00,6.51455728009097E+00,6.51427749302785E+00,6.60082336470103E+00,7.70321987083469E+00,1.04817533208286E+01,8.58284905946695E+00,6.64224810375904E+00,7.45498973095407E+00,7.29270535547955E+00,7.65657771632076E+00,6.21732336844047E+00,5.26315011628301E+00,4.92946452360188E+00,5.46271908180082E+00,4.90034413151136E+00,6.44736472965211E+00,6.22280188126909E+00,6.03746747742373E+00,5.17418422511773E+00,5.03496170663082E+00,5.69278186904191E+00,6.75159805882553E+00
South Asia (IDA & IBRD),TSA,Food imports (% of merchandise imports),TM.VAL.FOOD.ZS.UN,,,1.74278853841232E+01,1.67320963425096E+01,1.83600377395459E+01,2.24188133700205E+01,3.27250085747007E+01,3.14148855860588E+01,2.50685616637861E+01,2.23610937087192E+01,2.17835131233231E+01,1.62065505148093E+01,1.30126296115144E+01,2.05823869385947E+01,2.07873357124280E+01,3.12456478492806E+01,2.67585951573207E+01,1.71161843462138E+01,1.51771437248283E+01,1.13146918064192E+01,1.05750142645452E+01,1.01142784651629E+01,,1.26203091407851E+01,1.21958786220956E+01,1.07645573170166E+01,9.28110257078277E+00,1.01383312343150E+01,1.04582024702155E+01,6.72520199119922E+00,6.10172868021722E+00,5.04672900563420E+00,6.20935451624337E+00,5.34501653642910E+00,6.51455728009097E+00,6.51427749302785E+00,6.60082336470103E+00,7.70321987083469E+00,1.04817533208286E+01,8.58284905946695E+00,6.64224810375905E+00,7.45498973095407E+00,7.29270535547955E+00,7.65657771632076E+00,6.21732336844047E+00,5.26315011628301E+00,4.92946452360188E+00,5.46271908180082E+00,4.90034413151136E+00,6.44736472965211E+00,6.22280188126909E+00,6.03746747742373E+00,5.17418422511773E+00,5.03496170663082E+00,5.69278186904191E+00,6.75159805882553E+00
Sub-Saharan Africa,SSF,Food imports (% of merchandise imports),TM.VAL.FOOD.ZS.UN,,,,,,,,,,,,,,,1.24923592120082E+01,1.01265353688468E+01,9.32581697472080E+00,1.02856754390562E+01,1.07057428842117E+01,1.05944221701525E+01,,1.00804318806646E+01,,,,,,,,,,,,,,,1.28490138294955E+01,1.23927918071044E+01,1.28241828589887E+01,1.39458916580037E+01,1.26855671013897E+01,1.33264001288425E+01,1.34309511252509E+01,1.28531097143778E+01,1.12737634875776E+01,1.04432056924984E+01,1.15561124938444E+01,1.17582385441062E+01,1.06566390563808E+01,1.20933521259365E+01,1.14827504665639E+01,1.51528524224803E+01,1.33416712206038E+01,1.18882092837623E+01,1.16959288164136E+01,
Sub-Saharan Africa (excluding high income),SSA,Food imports (% of merchandise imports),TM.VAL.FOOD.ZS.UN,,,,,,,,,,,,,,,1.24062918976072E+01,1.00403040459303E+01,9.26265931942664E+00,1.02274784875078E+01,1.06492608134973E+01,1.05601990460930E+01,,1.00315891197578E+01,,,,,,,,,,,,,,,1.28217891804629E+01,1.23404733384668E+01,1.27793635475788E+01,1.39135708263726E+01,1.26948637205717E+01,1.32931646367063E+01,1.33698777405716E+01,1.27895214618073E+01,1.12013905283863E+01,1.03951008397039E+01,1.15103815649233E+01,1.17210080765441E+01,1.06333354028889E+01,1.20933521259365E+01,1.14827504665639E+01,1.51528524224803E+01,1.33416712206038E+01,1.18882092837624E+01,1.16959288164136E+01,
Sub-Saharan Africa (IDA & IBRD countries),TSS,Food imports (% of merchandise imports),TM.VAL.FOOD.ZS.UN,,,,,,,,,,,,,,,1.24923592120081E+01,1.01265353688468E+01,9.32581697472080E+00,1.02856754390562E+01,1.07057428842117E+01,1.05944221701525E+01,,1.00804318806646E+01,,,,,,,,,,,,,,,1.28490138294955E+01,1.23927918071044E+01,1.28241828589887E+01,1.39458916580037E+01,1.26855671013897E+01,1.33264001288425E+01,1.34309511252509E+01,1.28531097143778E+01,1.12737634875776E+01,1.04432056924984E+01,1.15561124938444E+01,1.17582385441062E+01,1.06566390563808E+01,1.20933521259365E+01,1.14827504665639E+01,1.51528524224803E+01,1.33416712206038E+01,1.18882092837623E+01,1.16959288164136E+01,
Upper middle income,UMC,Food imports (% of merchandise imports),TM.VAL.FOOD.ZS.UN,,,,,,,,,,,,,,,,,,,,,,,,,1.00514416493718E+01,7.22640282265902E+00,7.34993218816763E+00,8.43670915393180E+00,8.85950556704902E+00,1.02518329160744E+01,9.65415681625547E+00,8.00653295086102E+00,7.09609399622312E+00,5.77233937057222E+00,6.56516678592340E+00,7.63384827039033E+00,8.36743119783029E+00,8.12245886031111E+00,8.31283879508678E+00,7.44258212662221E+00,7.07904625480471E+00,7.05533445146026E+00,6.91741445008957E+00,7.14324233896631E+00,6.67205788386986E+00,6.04721842808163E+00,5.48118522473150E+00,5.89734553239092E+00,6.69308885083301E+00,7.36826266955388E+00,6.95892410735960E+00,6.96838743998558E+00,7.10940137230219E+00,7.24849011380096E+00,7.32216444904772E+00,7.45982146236846E+00
World,WLD,Food imports (% of merchandise imports),TM.VAL.FOOD.ZS.UN,,,2.07598570013208E+01,2.01288537656540E+01,1.93135566172015E+01,1.87577953391725E+01,1.87481713813103E+01,1.76834742518994E+01,1.66291865971050E+01,1.57542831826781E+01,1.54152350650980E+01,1.52532285335085E+01,1.46884654829907E+01,1.51746778915574E+01,1.37851756674789E+01,1.42269139327368E+01,1.27948724659144E+01,1.29401597500745E+01,1.25056864572540E+01,1.14863896902626E+01,1.07732845632274E+01,1.07239751946864E+01,1.05836042754823E+01,1.10273506139792E+01,1.04995873917579E+01,9.59658881496153E+00,1.00375438161364E+01,9.79474923466545E+00,9.70403512660947E+00,9.48366524174768E+00,9.02028801638071E+00,8.94142069169512E+00,8.91965155021316E+00,8.51898075160492E+00,8.72543654175541E+00,8.67342634241289E+00,8.83384779274406E+00,8.34446217115630E+00,8.49068944720736E+00,8.15484432977767E+00,7.17126151134545E+00,7.47050517056301E+00,7.58010531087783E+00,7.54226126444313E+00,7.01266079847333E+00,6.64593965190265E+00,6.29477627831321E+00,6.58020703809519E+00,6.85986398357324E+00,7.93489156197829E+00,7.45827205777916E+00,7.64202501222276E+00,7.63246659984164E+00,7.87788590871981E+00,8.04042317458103E+00,8.17121614297674E+00

